sku_id,candidato,wape_medio,bias_medio,mae_medio,tasa_fallback_backtest,sin_datos_suficientes
10125,benchmark,1.0142759783515851,0.28322298922623235,72.64216222374117,0.0,False
10133,ets_tsb,0.7923238748982824,-0.5205792384032526,349.90133955554336,0.0,False
10135,benchmark,0.9568595688040775,0.4221712254148688,78.83333333333334,0.0,False
11001,ets_tsb,0.7452860011519025,0.4369602903427287,86.53557298107647,0.0,False
15034,xgboost,0.4776990484965355,-0.4238256624858624,295.67264143625897,0.25,False
15036,benchmark,0.7716151688777348,0.22968023679811125,1121.0833333333333,0.0,False
15039,random_forest,0.6879618361032094,0.04072377221822163,157.4938249640984,0.25,False
15044A,random_forest,6.600396617822364,6.56248905536419,350.14593420526234,0.25,False
15044B,ets_tsb,0.9112338682626469,0.6610198167386221,48.26509878126627,0.0,False
15044C,xgboost,0.8884423020052181,0.5100424823162348,24.458246032396953,0.25,False
15044D,random_forest,0.8471268557550133,0.5503509336320271,45.965724327177455,0.25,False
15056BL,benchmark,0.4844866287015835,-0.11504198012548242,109.50144764861079,0.0,False
15056N,ets_tsb,0.5986312909285105,0.4740941164266428,166.00869711450798,0.0,False
15056P,random_forest,0.421565495351648,0.19486001486565885,29.366608632686756,0.25,False
15056bl,benchmark,0.7921994884910486,-0.13046035805626596,5.4,0.0,False
15056p,benchmark,,,,0.0,True
15058A,benchmark,0.9783502660861152,0.8125302370585389,34.22222222222222,0.0,False
15058B,benchmark,0.41478619900253455,-0.11015043741313058,18.444444444444443,0.0,False
15058C,benchmark,0.3703900709219858,0.21025300054555374,12.75,0.0,False
15060B,ets_tsb,1.6768290073627017,0.9787883154555725,43.16783738562413,0.0,False
16011,random_forest,0.8478482738867308,0.14095932934292155,110.0703271554834,0.625,False
16012,benchmark,0.7264957264957265,-0.7264957264957265,85.0,0.0,False
16014,benchmark,1.8707667434445643,0.5487369270778982,2079.266666666667,0.0,False
16015,benchmark,,,,0.0,True
16016,ets_tsb,0.4446335609889357,0.2113179994458113,33.88414815228198,0.0,False
16046,benchmark,27.258515211640212,26.874586640211643,402.0,0.0,False
16048,ets_tsb,0.44915163665646035,-0.055376017386892545,64.16728585765753,0.0,False
16156L,benchmark,,,,0.0,True
16156S,xgboost,0.7019368612503196,0.5567531771040785,290.2083905537923,0.25,False
16161P,benchmark,0.21759071058833812,-0.09463334490709185,152.7777777777778,0.0,False
16161U,random_forest,0.43800633703660036,0.0962629467783177,154.0793493011618,0.25,False
16168M,ets_tsb,0.5574490813196002,0.2246084498625014,19.8369110341506,0.0,False
16169M,benchmark,6.666666666666667,6.0,333.3333333333333,0.0,False
16207A,benchmark,,,,0.0,True
16216,benchmark,0.7763881262025042,-0.6499199182064188,340.8666666666667,0.0,False
16218,benchmark,0.7136087891185916,-0.7134919572219213,339.30016704761397,0.0,False
16219,benchmark,0.8829189012434018,-0.7897083224754815,376.33648805175517,0.0,False
16225,benchmark,1.4643507023577027,0.7081970494597574,40.66666666666667,0.0,False
16236,ets_tsb,0.5321302198569785,-0.21206828630011298,67.19082189681953,0.0,False
16237,random_forest,0.46479393777902916,0.308744241190403,164.49351187007437,0.25,False
16238,ets_tsb,0.4014074004638071,-0.21875726343396792,49.034650026960264,0.0,False
16258A,benchmark,1.2341580095678455,0.14840033343470677,46.2,0.0,False
16259,benchmark,1.0902253618753375,0.6699923071446918,715.5874205581653,0.0,False
17003,ets_tsb,0.5897950475746574,0.5166364613748393,1096.934694719418,0.0,False
17012A,benchmark,3.9024683267802533,2.686871996505024,82.5,0.0,False
17012B,benchmark,0.8222222222222222,0.5370008873114465,12.333333333333334,0.0,False
17012C,benchmark,0.9279061429368178,-0.5690104374153454,37.08333333333333,0.0,False
17012F,benchmark,0.7135052187653876,-0.7135052187653876,39.833333333333336,0.0,False
17021,ets_tsb,0.4489031011340869,0.2555293599434535,52.06605531110291,0.0,False
17038,xgboost,0.8636069690299012,0.23997603334041115,85.82608686174665,0.75,False
17084N,ets_tsb,0.514538050410452,0.24003233806306878,47.080059868761495,0.0,False
17084P,benchmark,,,,0.0,True
17084R,benchmark,2.2678062678062676,2.2051282051282053,592.0,0.0,False
17091A,ets_tsb,1.2458293986730995,1.2458293986730995,79.73308151507837,0.0,False
17091J,ets_tsb,0.4046581513876307,-0.06122882167349507,67.78499386514514,0.0,False
17096,ets_tsb,3.954220184285417,3.954220184285417,283.51417470512473,0.0,False
17107D,ets_tsb,0.30831782424840576,0.2666097894825536,3.4145833340020433,0.0,False
17129F,xgboost,1.1908309746178698,0.6545473017707012,47.592168728510536,0.25,False
17136A,benchmark,0.03896103896103896,-0.03896103896103896,1.0,0.0,False
18007,benchmark,9.406195768955692,8.802419419686425,390.0,0.0,False
18094C,xgboost,0.8673695619527227,0.311040089352318,20.48753086725871,0.3333333333333333,False
18097C,random_forest,1.276540737074523,0.6287962234463386,118.53854032657159,0.25,False
18098C,benchmark,5.026726475473911,5.026726475473911,33.3328838512149,0.0,False
20615,xgboost,1.0856012815717513,0.10197582241085085,21.2415113846461,0.25,False
20616,ets_tsb,0.6627761169885432,0.011740933865753034,8.476801916856337,0.0,False
20617,benchmark,4.477851947230505,4.069787431101473,27.166666666666668,0.0,False
20618,ets_tsb,0.7145942072822712,0.25658308848462263,7.019786691987854,0.0,False
20619,benchmark,0.8413755174617694,0.4826537653039685,7.5,0.0,False
20622,ets_tsb,2.737726000620281,2.737726000620281,21.06963266129786,0.0,False
20652,random_forest,0.7634304697238109,0.009210577528196581,13.119501088525446,0.25,False
20653,benchmark,0.7847951680672269,0.055278361344537785,4.75,0.0,False
20654,ets_tsb,1.007715754322898,0.8829070215487508,9.355843804713535,0.0,False
20655,benchmark,1.3664076880547715,0.8495300982271449,11.066666666666666,0.0,False
20657,random_forest,0.9351861139982146,0.6906784828400608,4.430029372743658,0.2857142857142857,False
20658,ets_tsb,1.2114675119585925,0.9450896492118293,31.7256455574161,0.0,False
20659,benchmark,0.7016981056510072,0.5632701071067253,9.066666666666666,0.0,False
20661,benchmark,10.392705570291778,10.273533156498676,70.33333333333334,0.0,False
20663,benchmark,1.7142857142857144,1.1428571428571428,2.666666666666667,0.0,False
20665,ets_tsb,0.7827355682116341,0.7827355682116341,22.16312068413938,0.0,False
20668,random_forest,0.6741605285445084,-0.40871837966487234,673.0977877440847,0.25,False
20669,benchmark,1.0936807991890678,0.7902262866189828,22.222222222222218,0.0,False
20670,benchmark,33.56190476190476,33.39523809523809,64.88888888888889,0.0,False
20674,ets_tsb,0.3186874924663839,0.23501810856501543,37.50071193995531,0.0,False
20675,ets_tsb,0.4598853713847516,0.38895899135812545,91.96972206207285,0.0,False
20676,ets_tsb,0.4571741332219393,0.3777307471589325,155.55702509397267,0.0,False
20677,random_forest,0.37230393463203826,0.28425137409771256,95.37140320009851,0.25,False
20679,ets_tsb,0.5127843126149974,-0.1947340289211003,71.87262555468702,0.0,False
20682,benchmark,0.5767447864171906,0.5767447864171906,43.24928799270904,0.0,False
20684,xgboost,2.083497001045727,2.083497001045727,19.27052315076192,0.5,False
20685,xgboost,0.52688825149998,0.13153927825187361,166.3521900177002,0.25,False
20686,random_forest,1.0629791625041674,0.4802606390562141,26.262897718600843,0.25,False
20694,benchmark,1.0166666666666666,0.95,40.666666666666664,0.0,False
20696,benchmark,1.1111111111111112,0.4444444444444444,6.666666666666667,0.0,False
20699,benchmark,,,,0.0,True
20700,benchmark,0.8137859229562286,-0.7423573515276571,7.802835628708991,0.0,False
20702,ets_tsb,0.6994123240848445,0.6072022374900818,9.38467952343573,0.0,False
20704,benchmark,1.0423474945533768,0.7139161220043574,8.888888888888888,0.0,False
20705,benchmark,2.0263888888888886,1.4819444444444445,7.416666666666667,0.0,False
20707,benchmark,0.5918396407874795,-0.42366737187991654,25.5,0.0,False
20711,ets_tsb,1.2951321557535898,1.2148725452220255,307.81054244253113,0.0,False
20712,ets_tsb,0.33916250594651653,-0.21374533658220557,291.1557087414617,0.0,False
20713,benchmark,0.6091958668622182,-0.09934205746241188,954.8666666666668,0.0,False
20716,ets_tsb,0.5752978941053751,0.2027973879059591,22.19135070009897,0.0,False
20717,xgboost,0.5415288001305489,0.5001116676373003,88.11114311218262,0.25,False
20718,ets_tsb,0.39968530192892726,0.1733491900051784,146.66805201043474,0.0,False
20719,ets_tsb,0.22942361519024054,0.04616043366518765,245.36344361146286,0.0,False
20723,random_forest,0.28158883499634657,-0.09351746219596377,240.84184511090763,0.25,False
20724,benchmark,0.17673427236902217,-0.10075463122838135,268.5554144385027,0.0,False
20725,benchmark,0.17068840479971675,0.13257588634505835,281.29166666666663,0.0,False
20726,ets_tsb,0.32129127500480537,0.08247073894312165,242.11378745015696,0.0,False
20727,ets_tsb,0.35058823986817844,-0.09237643329084061,378.50663430899965,0.0,False
20728,benchmark,0.3057479397666206,0.014077319005120176,320.625,0.0,False
20731,benchmark,1.594580456162377,0.3903536304666248,34.166666666666664,0.0,False
20733,benchmark,1.9098165299821432,1.2175859801581352,104.8,0.0,False
20734,benchmark,5.558139534883721,5.558139534883721,79.66666666666667,0.0,False
20735,ets_tsb,0.9509579198416871,0.5113172607715634,167.28984398290996,0.0,False
20748,benchmark,1.2036749482401654,0.7393892339544513,6.833333333333333,0.0,False
20749,random_forest,0.41965157295065036,0.0500843277985758,47.56306777587201,0.25,False
20750,ets_tsb,0.3580848654738029,0.2661825864467971,43.17627373024476,0.0,False
20751,ets_tsb,0.4119645968162186,-0.2147030668010163,28.674364165957964,0.0,False
20752,benchmark,0.669199242587337,-0.28702972468997484,18.866259215009766,0.0,False
20754,ets_tsb,0.4439043545926271,-0.2642569696241784,59.58410569016949,0.0,False
20755,benchmark,1.1115629498805266,0.6504321326625012,47.888888888888886,0.0,False
20757,benchmark,1.0319162828308082,-0.28263219643639387,10.095238095238097,0.0,False
20758,benchmark,2.0306956938742893,1.9373370600981983,40.733333333333334,0.0,False
20759,benchmark,4.447536183257332,4.279391938263508,57.50000000000001,0.0,False
20760,benchmark,19.0,18.6,253.33333333333334,0.0,False
20761,ets_tsb,0.45254362380901825,-0.050164291141493664,4.862147427637552,0.0,False
20762,benchmark,1.4904193457314074,1.2039954999807734,10.166666666666666,0.0,False
20763,benchmark,1.8009259259259258,1.0138888888888888,14.333333333333334,0.0,False
20764,ets_tsb,0.9521883912279979,-0.9521883912279979,10.6260214404832,0.0,False
20765,random_forest,0.5161226692336878,0.1141086927871991,4.287576108327948,0.25,False
20766,random_forest,0.6461438913858577,0.19813989873093107,7.567960461991712,0.25,False
20767,random_forest,0.9098358067491197,0.41604318947675784,17.603335231608675,0.25,False
20768,random_forest,1.6486042577385847,1.2778002794747847,14.566312621117309,0.25,False
20769,benchmark,1.2916666666666667,1.125,10.333333333333334,0.0,False
20770,ets_tsb,2.3454737714423617,1.621106911967798,27.792583375790844,0.0,False
20771,benchmark,1.4594127936031984,1.2536856571714143,15.666666666666668,0.0,False
20772,benchmark,0.6806815744956483,0.34172392243547817,10.083333333333334,0.0,False
20773,random_forest,1.855890659352222,1.6243117119838009,8.70529978077478,0.4,False
20774,xgboost,1.6481584898289316,0.8625089711943574,14.47399788432651,0.3333333333333333,False
20775,benchmark,1.928125,1.815625,23.833333333333332,0.0,False
20777,benchmark,0.7845947718789473,-0.0024778946171310824,16.0,0.0,False
20780,benchmark,3.642857142857143,3.642857142857143,17.0,0.0,False
20781,benchmark,1.1030834575564346,-0.09082395441024194,3.644754511029747,0.0,False
20782,benchmark,1.3333333333333333,0.0,2.6666666666666665,0.0,False
20794,benchmark,1.3269230769230769,0.9615384615384616,6.833333333333334,0.0,False
20802,ets_tsb,0.6783893796258607,0.37149402664451936,20.243589094621704,0.0,False
20803,benchmark,0.9907578558225508,-0.8170055452865065,178.66666666666666,0.0,False
20819,benchmark,2.0,0.5714285714285714,23.333333333333332,0.0,False
20828,xgboost,1.2922330844324792,1.2306118454876076,88.62082759539285,0.25,False
20829,ets_tsb,1.3063868057585462,1.082952861517917,103.01477515265164,0.0,False
20830,benchmark,,,,0.0,True
20831,random_forest,1.057535588013394,0.1226695933700194,14.783443810818813,0.25,False
20832,benchmark,0.9421841927088606,-0.8024935338366159,113.77777777777777,0.0,False
20839,benchmark,0.8648400644068072,-0.6924610904515092,54.093497786522875,0.0,False
20840,benchmark,0.7681589644843817,-0.7681589644843817,54.666666666666664,0.0,False
20846,ets_tsb,0.7434269672065668,0.42410329882886366,34.78375229969319,0.0,False
20856,ets_tsb,0.6806248782737168,0.49694788003684537,21.884044250619088,0.0,False
20866,benchmark,1.5196681887798353,0.9851972722520332,38.16666666666667,0.0,False
20867,ets_tsb,0.8060528403155995,0.3674339753022231,52.83333304772775,0.0,False
20868,benchmark,0.7069727270316419,-0.5435687188991993,40.25,0.0,False
20869,benchmark,0.5520006613756614,-0.20428240740740744,17.666666666666668,0.0,False
20886,ets_tsb,0.29515801094276456,-0.11379227049746753,11.474067601964311,0.0,False
20893,benchmark,5.513888888888889,5.513888888888889,66.16666666666667,0.0,False
20894,benchmark,4.9375,4.9375,33.333333333333336,0.0,False
20897,benchmark,0.6857142857142857,-0.6857142857142857,12.666666666666666,0.0,False
20902,benchmark,0.8064516129032258,-0.7419354838709677,16.666666666666668,0.0,False
20903,xgboost,0.9144395350900743,-0.0010220761668056078,17.379010423491984,0.3333333333333333,False
20914,ets_tsb,0.4312417650734604,-0.12100196425897083,229.9366364443897,0.0,False
20931,ets_tsb,0.46867473550127964,0.4050425266906417,7.986468518673526,0.0,False
20932,benchmark,1.2319407833426526,0.14910669116276595,24.222222222222225,0.0,False
20933,benchmark,,,,0.0,True
20936,benchmark,,,,0.0,True
20941,ets_tsb,0.924108574733796,-0.10508657745631723,10.637275296427923,0.0,False
20956,benchmark,1.619319277315239,1.409552543794181,128.88888888888889,0.0,False
20961,ets_tsb,0.6951960291534746,-0.13638438038721284,49.91666649716596,0.0,False
20963,ets_tsb,0.5819001099703236,-0.2692480741575196,51.124999769652874,0.0,False
20966,benchmark,40.84747474747475,40.84747474747475,135.33333333333334,0.0,False
20967,benchmark,1.008130081300813,0.975609756097561,41.333333333333336,0.0,False
20969,benchmark,0.5232170516396932,-0.15511509553126096,88.20833333333334,0.0,False
20970,benchmark,0.4626435072188683,0.11205826047033825,38.48279790385054,0.0,False
20971,benchmark,0.49944851220391817,0.1113317932321678,341.33333333333337,0.0,False
20972,ets_tsb,0.3407316974820832,-0.0949293961418704,225.79146898775244,0.0,False
20973,benchmark,1.4922506838854477,1.2751757588599553,398.53333333333336,0.0,False
20974,ets_tsb,0.37256943154931177,-0.08398006385314194,208.1764437546839,0.0,False
20975,benchmark,0.8943802192188964,0.5695724478706896,587.0833333333333,0.0,False
20977,random_forest,0.7309366881407391,0.31152981059075013,88.17898544246759,0.2857142857142857,False
20978,benchmark,0.333973170325568,0.08410625220643334,55.04166666666667,0.0,False
20979,ets_tsb,0.37387635135852426,-0.07657334409860389,126.95349915357639,0.0,False
20981,benchmark,0.5017853635263301,-0.05556266271632716,92.07732843137256,0.0,False
20982,benchmark,0.5229612736741325,0.29535311889751775,75.54166666666667,0.0,False
20983,random_forest,0.31708151482692304,0.16247099214240043,71.23810566748065,0.25,False
20984,random_forest,1.1232376967865525,-0.4288109462848435,514.7537736669195,0.3333333333333333,False
20985,random_forest,0.7846402506777652,0.05436452962158547,57.08042702263015,0.25,False
20986,random_forest,1.142625732908668,0.24325914461198012,49.10014329131517,0.25,False
20992,ets_tsb,0.5450995980533746,-0.24886692522375353,234.06705184917485,0.0,False
20996,ets_tsb,0.6739560440282892,-0.46960216082575257,200.46111355644138,0.0,False
20997,benchmark,3.618468726163234,2.956410500889906,16.666666666666664,0.0,False
20998,random_forest,0.5408441335609856,-0.012055683450188728,8.832637656325156,0.3333333333333333,False
21000,benchmark,0.9667397660818713,0.608406432748538,5.9444444444444455,0.0,False
21001,random_forest,0.5753350273073672,0.3777587765508426,2.810820915195915,0.25,False
21002,benchmark,,,,0.0,True
21012,ets_tsb,0.3971249729108479,-0.13570441229112268,33.249999790141985,0.0,False
21025,benchmark,3.370217035217035,3.0350819000818996,15.933333333333332,0.0,False
21026,benchmark,0.5058823529411764,0.38823529411764707,14.333333333333334,0.0,False
21027,benchmark,1.3082538420773715,0.7331611022787493,14.466666666666669,0.0,False
21028,benchmark,1.7546452479555492,1.0640265427033213,17.536636567762656,0.0,False
21030,benchmark,1.25,0.9375,13.333333333333334,0.0,False
21032,benchmark,2.0523349436392917,0.6223832528180354,17.166666666666664,0.0,False
21033,xgboost,0.7309494105914272,-0.19226746232887354,170.4737762451172,0.4,False
21034,random_forest,0.24368518661362318,0.19896395172052572,34.81879780000095,0.25,False
21035,xgboost,0.4626309584842692,0.38989282738694636,81.30717690785725,0.25,False
21039,random_forest,0.9642689082067903,0.7884935369454711,33.96067723653661,0.25,False
21041,benchmark,3.0602025316455697,2.3128945147679323,116.5,0.0,False
21042,ets_tsb,1.3195172604897567,1.1620705408133982,25.081429407189276,0.0,False
21043,benchmark,0.9909048449111335,-0.9273596944094613,115.16666666666666,0.0,False
21051,benchmark,2.4285714285714284,2.4285714285714284,17.0,0.0,False
21054,benchmark,0.7931034482758621,0.10344827586206896,7.666666666666667,0.0,False
21055,benchmark,0.9201322230203821,0.7893397241106677,9.875,0.0,False
21056,ets_tsb,4.286682701341047,3.641841666545917,16.995047965049174,0.0,False
21058,benchmark,1.1649471235308857,0.9118009277075104,56.833333333333336,0.0,False
21059,ets_tsb,0.6674411503492137,0.6571289093758153,25.71049859955029,0.0,False
21060,random_forest,0.5187284749661957,0.3918448888684851,14.982031610461295,0.25,False
21061,xgboost,0.5804579469184799,0.3681598961316006,21.390100638071697,0.25,False
21062,ets_tsb,0.5462294859014909,0.2880597249701262,18.821209944087805,0.0,False
21063,ets_tsb,0.837652240366447,0.837652240366447,29.26238353874017,0.0,False
21064,random_forest,1.7737357334521557,0.9977307121777648,46.97093621656122,0.25,False
21065,benchmark,1.129735268990639,-0.4534627162702213,34.130795419374806,0.0,False
21066,random_forest,3.6976296836159235,3.080923285607194,107.13104733923484,0.25,False
21067,ets_tsb,1.390249793524676,1.176133890535157,21.983894759233127,0.0,False
21068,ets_tsb,4.27073281722393,3.9363760293187227,185.0263302327393,0.0,False
21069,random_forest,1.0298651923334587,0.7076890998800535,237.49781568662814,0.5,False
21070,ets_tsb,1.8678777250123242,0.7654320011851463,103.94086588647238,0.0,False
21071,ets_tsb,1.8952254849507344,1.472021103294852,82.2682014794141,0.0,False
21078,ets_tsb,0.5438212112389927,0.1937739823326383,161.66098799032244,0.0,False
21080,ets_tsb,0.47126128328223005,0.4433518047593924,424.51407558842766,0.0,False
21082,benchmark,9.462358276643991,9.462358276643991,146.83333333333331,0.0,False
21084,benchmark,0.771875830659641,-0.771875830659641,259.86127015464126,0.0,False
21086,ets_tsb,0.40920179559799363,0.31360211612546784,188.47208619161455,0.0,False
21088,benchmark,10.309312019713923,9.457862794645239,1482.6666666666667,0.0,False
21090,benchmark,0.6761585079688868,-0.6761585079688868,251.9411190313446,0.0,False
21094,ets_tsb,0.48781281211947153,0.32641988544894185,263.31855125388347,0.0,False
21096,benchmark,17.664958931470032,16.816158148185245,1467.0666666666664,0.0,False
21106,xgboost,1.3442386453076343,0.9193126388607381,20.918793241182964,0.25,False
21107,ets_tsb,1.5365667057559742,0.8366119808614271,57.49384185246897,0.0,False
21108,xgboost,2.267020601124724,1.563833179624798,344.52809141079587,0.25,False
21109,benchmark,2.5610408214380644,2.073012831957601,18.131845238095238,0.0,False
21110,xgboost,2.5519927540249263,2.51741828593982,36.71767791112264,0.42857142857142855,False
21111,benchmark,1.1677867991469246,1.0963596544350498,19.8,0.0,False
21112,xgboost,6.57545061367845,6.17313753689735,104.22232787370015,0.5,False
21114,ets_tsb,0.5474402613142738,0.07377159719801848,54.38911696368453,0.0,False
21115,ets_tsb,1.0167910277289993,0.11100100350064954,40.914347600627586,0.0,False
21116,benchmark,0.34788603502543675,0.025387041089631496,19.916666666666664,0.0,False
21121,ets_tsb,0.6148005797173399,0.35173067758966836,314.8710966937417,0.0,False
21122,ets_tsb,0.5779861297071857,0.3730711528196683,228.6779132945542,0.0,False
21123,ets_tsb,0.5129539738282797,0.21421523648211527,49.075698879428,0.0,False
21124,ets_tsb,0.726855702076492,0.5069046756206547,207.0741547726546,0.0,False
21125,ets_tsb,0.8377843979047515,-0.7329021256757182,45.015145541464264,0.0,False
21126,random_forest,0.39009335482773067,0.12635381215763086,17.726428828286362,0.25,False
21128,benchmark,0.9689429154629459,0.06570541879238634,5.333333333333334,0.0,False
21129,benchmark,0.8193400167084378,0.21449456975772768,3.583333333333333,0.0,False
21131,benchmark,4.190056022408964,3.7062558356676,27.333333333333332,0.0,False
21132,benchmark,1.0242979242979242,0.36561660561660564,4.466666666666667,0.0,False
21135,ets_tsb,0.9190173232944038,0.3627627988876745,109.02345455492411,0.0,False
21136,ets_tsb,0.42581861818868727,0.160117488808259,148.0872024255057,0.0,False
21137,random_forest,0.494128542589539,-0.24563232006165192,421.42488771702835,0.25,False
21147,benchmark,0.8269254032166377,0.4716152889283422,45.444444444444436,0.0,False
21154,ets_tsb,0.28700577680204153,0.13893578607508902,83.0572165574248,0.0,False
21155,benchmark,0.7811166204152613,0.5232930697618924,186.26666666666665,0.0,False
21156,ets_tsb,0.5622772685286928,0.0064890902055554645,121.82011354913789,0.0,False
21157,ets_tsb,2.254274384298963,2.254274384298963,9.248798815449893,0.0,False
21158,ets_tsb,0.7400566085663752,-0.6377447528050834,94.63385098903926,0.0,False
21159,ets_tsb,0.7520418440256464,-0.40933776679217204,83.45833345626791,0.0,False
21161,benchmark,1.6663171940526116,0.9938048036599314,42.166666666666664,0.0,False
21162,ets_tsb,0.6792702809095635,-0.4332469070401497,98.71878427985078,0.0,False
21163,random_forest,0.8738840240452692,-0.18184666693367477,118.56622186686769,0.3333333333333333,False
21164,ets_tsb,0.5099029113080005,-0.4398387413365128,85.16087400432052,0.0,False
21165,ets_tsb,0.43861275202052585,0.16880180876791967,142.58423528415847,0.0,False
21166,ets_tsb,0.5866632634603334,0.0251689422945644,446.70250485987305,0.0,False
21167,benchmark,0.3323753460453536,-0.07563332994000022,39.458333333333336,0.0,False
21169,benchmark,0.4446651351915475,0.14753971056939294,174.53333333333336,0.0,False
21171,ets_tsb,1.4737158281409268,0.4671647087698547,79.40043263800374,0.0,False
21172,benchmark,0.3225348173101071,0.07528546352861423,112.58333333333333,0.0,False
21174,ets_tsb,0.509158653566554,-0.509158653566554,204.95795804468924,0.0,False
21175,ets_tsb,0.3801768797536804,0.04424844668536981,283.68078144686297,0.0,False
21179,xgboost,0.7506279251080702,-0.2800606574413801,205.68670209612165,0.4,False
21181,benchmark,0.5418783609009405,0.011214109001169502,758.9166666666666,0.0,False
21187,benchmark,2.1486968068772163,1.1653532798415798,86.49999999999999,0.0,False
21188,random_forest,0.32866886145609525,0.02627065947969513,11.797902116402115,0.5,False
21189,random_forest,1.0402285639092275,0.7424509441883769,14.801774093383468,0.25,False
21191,ets_tsb,0.923968389645121,0.29659279035826774,25.74999985036751,0.0,False
21192,benchmark,1.0450505261774834,0.1404303334947913,105.33333333333333,0.0,False
21194,benchmark,0.8242473980658138,-0.4096528096850551,30.573363218378653,0.0,False
21195,benchmark,0.3197218710493047,-0.12730720606826815,12.042857142857144,0.0,False
21197,benchmark,1.179450861195542,-0.04094630192502533,35.86666666666667,0.0,False
21198,ets_tsb,0.6053240583273907,0.3239835614509203,21.021152881886543,0.0,False
21199,ets_tsb,0.5250347142570793,0.17237306271547137,26.39844143378002,0.0,False
21200,xgboost,1.0548754924511345,0.23609423564756177,67.6589236021042,0.25,False
21201,ets_tsb,0.48929925759876164,-0.143679018445244,72.6408034063248,0.0,False
21202,xgboost,1.1748403705370967,0.8312267224824664,17.897421571943497,0.42857142857142855,False
21204,ets_tsb,0.8186232690747632,0.7329958294993043,29.511074953827162,0.0,False
21205,ets_tsb,1.1485215979644443,1.1485215979644443,14.836569637667711,0.0,False
21206,random_forest,0.3911290865593053,0.22631241379964015,27.38079765736909,0.2857142857142857,False
21207,ets_tsb,0.768771708205615,0.4973839120338661,61.5844142362858,0.0,False
21208,random_forest,0.6063622977482827,-0.3052977511844177,50.4669582645704,0.25,False
21209,ets_tsb,0.6986364459869354,0.07182728244488831,74.19719959744698,0.0,False
21210,ets_tsb,1.0120458163563355,0.4490269064990556,320.26055577103256,0.0,False
21211,ets_tsb,1.049340989358654,0.7306353055411227,65.79696000392819,0.0,False
21212,ets_tsb,0.36838236466956087,0.12194674242045235,959.0256927272915,0.0,False
21213,ets_tsb,0.6567242363391335,0.17463298826472196,713.2471641016564,0.0,False
21215,random_forest,1.3528068818002268,1.1134817914422814,83.02922215053465,0.25,False
21216,benchmark,0.42071555579145714,-0.08246126548972847,57.866666666666674,0.0,False
21217,ets_tsb,1.0237444346840459,0.8133131215377204,61.76016537052387,0.0,False
21218,benchmark,0.4962964035516106,0.2617822098994423,77.11690664408056,0.0,False
21219,random_forest,0.7772923022724361,0.6767167489466449,18.746745804253617,0.25,False
21220,random_forest,0.3890091425692394,-0.04703893385885836,8.526107697857698,0.25,False
21221,ets_tsb,1.3956073565334068,1.3212367691771094,15.927721050277484,0.0,False
21222,ets_tsb,0.4570728912793976,0.4054017324638525,8.431944301144092,0.0,False
21224,ets_tsb,0.490021459077747,0.18556185813649104,34.61116180131773,0.0,False
21231,ets_tsb,0.4531087092056435,0.019968714216967498,184.52692706453138,0.0,False
21232,xgboost,0.630618063771881,0.5321045368694851,483.06287384033203,0.25,False
21238,ets_tsb,0.5985983708695426,0.5598921473398769,133.21975457682694,0.0,False
21239,ets_tsb,0.48692826547347556,0.3583386978952984,92.71036412790076,0.0,False
21240,benchmark,0.808514170757064,0.6553686325802411,171.54166666666666,0.0,False
21242,ets_tsb,0.2978242757566001,0.22932933012582024,73.24938474440873,0.0,False
21243,ets_tsb,0.595318524388184,0.50178583032894,94.81196359192562,0.0,False
21244,benchmark,6.182273859908919,5.729843754641833,173.54166666666669,0.0,False
21245,ets_tsb,0.9025349171224277,0.8123883038960709,56.06210932602045,0.0,False
21246,benchmark,0.7085923684155571,0.7085923684155571,19.178446115288217,0.0,False
21248,ets_tsb,1.9471686016634466,1.1772998940327104,28.244766712235666,0.0,False
21249,xgboost,0.4491528501918506,0.15800346775269725,24.034959157307945,0.25,False
21250,benchmark,0.4879032258064516,-0.4879032258064516,7.166666666666667,0.0,False
21251,ets_tsb,1.244873937604107,1.244873937604107,13.709903257783193,0.0,False
21253,random_forest,0.5317441673165709,0.04762791983089106,5.964642607103546,0.25,False
21257,ets_tsb,0.8722525674189681,0.5525348838344071,45.49087455394297,0.0,False
21258,benchmark,5.843118420041496,5.843118420041496,114.1111111111111,0.0,False
21259,benchmark,1.099525663752594,0.8616457162442649,64.30220588235294,0.0,False
21260,ets_tsb,0.8858610004287493,0.8858610004287493,72.8803124403594,0.0,False
21262,benchmark,0.5120133299798793,0.41915618712273645,21.083333333333336,0.0,False
21269,benchmark,0.33125,-0.23124999999999998,2.183333333333333,0.0,False
21270,benchmark,1.0,1.0,1.0,0.0,False
21272,random_forest,2.5768168076984073,2.4558673051274256,69.58011524470899,0.5,False
21275,benchmark,,,,0.0,True
21277,benchmark,0.5852272727272727,-0.24431818181818182,1.8333333333333335,0.0,False
21279,ets_tsb,10.145409584346876,10.145409584346876,111.59950542781563,0.0,False
21280,benchmark,13.149808001981915,13.149808001981915,112.83333333333334,0.0,False
21284,random_forest,3.617010607692163,3.2456758824060055,74.66458644885208,0.25,False
21285,benchmark,3.1867704874398393,2.402101868861186,100.1111111111111,0.0,False
21286,benchmark,2.4205607476635516,1.0373831775700935,172.66666666666666,0.0,False
21287,benchmark,0.6539695197430474,-0.4947763219422546,140.79999999999998,0.0,False
21288,random_forest,0.4160804822176706,-0.1810389116940952,12.066883425024049,0.25,False
21289,ets_tsb,1.1643335757964595,0.6315042880503532,32.391528644421214,0.0,False
21291,random_forest,1.2287911897670332,0.9139816971885503,83.68806893371178,0.2857142857142857,False
21292,benchmark,,,,0.0,True
21293,benchmark,0.9873432799870474,0.1083239220789642,10.714474755700325,0.0,False
21294,benchmark,1.2355021327017195,-0.10360702581163828,200.99133945976052,0.0,False
21306,benchmark,0.9349977603822281,-0.9118763730989912,69.16666666666666,0.0,False
21307,benchmark,6.75,5.75,9.0,0.0,False
21311,benchmark,1.2118202410299512,0.06950140912740119,75.875,0.0,False
21313,ets_tsb,0.2587441658455131,0.21263178016478984,56.51819349163581,0.0,False
21314,ets_tsb,0.8399122862457538,0.8399122862457538,230.99988648299168,0.0,False
21317,benchmark,0.6022418383074121,-0.47372845733501473,9.166666666666668,0.0,False
21324,benchmark,3.4193548387096775,3.4193548387096775,35.333333333333336,0.0,False
21326,random_forest,0.39638513197597836,-0.10931777078229252,314.5078510392964,0.25,False
21327,benchmark,0.5223446616920349,0.17594865689307154,36.83333333333333,0.0,False
21328,random_forest,0.5989777852944067,-0.17724135520322434,68.38716932951309,0.25,False
21329,random_forest,0.4995195290633909,0.06000795187504013,38.19832423132423,0.25,False
21332,benchmark,8.692307692307692,8.538461538461538,75.33333333333333,0.0,False
21340,benchmark,0.7352837747853654,0.3809159204175111,62.08333333333333,0.0,False
21354,benchmark,1.2140311626358138,0.9023623663158548,38.53333333333334,0.0,False
21355,benchmark,10.60528795283892,10.462430809981777,109.38888888888887,0.0,False
21356,ets_tsb,2.5016128704521727,1.7486509716498926,48.007592051660325,0.0,False
21358,ets_tsb,1.5236543457119751,1.0096349228139356,28.338640123857452,0.0,False
21359,benchmark,,,,0.0,True
21360,benchmark,0.7288888888888889,-0.42666666666666664,6.333333333333334,0.0,False
21361,benchmark,13.019230769230768,13.019230769230768,34.22222222222222,0.0,False
21363,ets_tsb,2.2227346519836853,1.5782154215638289,24.123398397631462,0.0,False
21364,benchmark,2.3174603174603177,2.3174603174603177,5.111111111111111,0.0,False
21365,benchmark,1.0616413704421177,-0.17978202703209942,30.792335894396157,0.0,False
21366,benchmark,0.8096747798349628,-0.04923236946120242,4.7333333333333325,0.0,False
21367,benchmark,0.42062978222483827,0.08155532666274276,5.608397096331177,0.0,False
21368,benchmark,0.9661662232564217,-0.24922250474008698,12.500437539492074,0.0,False
21371,benchmark,0.976902876604026,-0.8500403819254394,33.08333333333333,0.0,False
21374,benchmark,1.4892757816540678,0.2010958894024145,46.44444444444445,0.0,False
21375,benchmark,1.691868131868132,1.2303296703296704,5.799999999999999,0.0,False
21376,benchmark,1.8480963480963482,1.6429681429681429,7.4444444444444455,0.0,False
21377,benchmark,2.536870242708752,2.0452596182285623,22.666666666666668,0.0,False
21378,ets_tsb,2.3526417365684855,2.3526417365684855,19.324811148616213,0.0,False
21379,xgboost,1.476824006346077,0.8727445573312808,22.341383541623753,0.25,False
21380,ets_tsb,0.5040180040480333,-0.05478633664705558,97.22271939945996,0.0,False
21381,ets_tsb,1.3530337390429361,1.3530337390429361,117.5711312181474,0.0,False
21382,benchmark,0.8827621490229688,-0.8714387236868046,157.72264338770196,0.0,False
21383,benchmark,1.3905011420412479,0.23661557446752673,45.416666666666664,0.0,False
21385,ets_tsb,1.1290356761439693,1.1284112652455758,233.3885436060026,0.0,False
21386,benchmark,0.7923465423465423,-0.6555944055944056,68.5,0.0,False
21389,benchmark,0.8975387460773614,0.562674843023381,34.916666666666664,0.0,False
21390,ets_tsb,0.4172570917120092,-0.34194852772727546,142.21671935935848,0.0,False
21391,benchmark,1.1253266156123864,-0.052794080662480404,135.52380952380955,0.0,False
21394,benchmark,0.9208515354118195,-0.9208515354118195,556.54991723685,0.0,False
21395,benchmark,0.9046500235249894,-0.9046500235249894,420.38719251728685,0.0,False
21397,benchmark,0.7175625761326575,-0.21316816639815578,156.16666666666669,0.0,False
21399,benchmark,,,,0.0,True
21400,benchmark,0.6405462437141193,-0.6107054220223797,62.670447203688504,0.0,False
21401,ets_tsb,0.5457240876457056,-0.23349128988708995,54.65377557673534,0.0,False
21402,random_forest,0.8234187475163759,-0.2655154457210046,110.77278038628039,0.25,False
21403,benchmark,0.736651808580512,-0.6406728599449385,111.80214776697699,0.0,False
21407,ets_tsb,1.5854721135120997,0.8881706682505915,26.49780312849642,0.0,False
21408,ets_tsb,1.3712096294249436,1.2387795607567542,16.27912557790129,0.0,False
21411,ets_tsb,0.8002511895383353,-0.7239218795811097,41.19387490565882,0.0,False
21415,xgboost,1.4000169061275793,0.7613504317549497,10.143049619945826,0.25,False
21417,ets_tsb,0.5913598009520591,-0.355767243865694,14.66897828753783,0.0,False
21418,benchmark,0.8316993464052288,0.32516339869281047,3.8888888888888893,0.0,False
21420,benchmark,1.7,1.7,6.0,0.0,False
21421,benchmark,4.125877192982456,4.125877192982456,79.83333333333333,0.0,False
21422,ets_tsb,2.636944420112762,1.981578620812491,146.7820685650974,0.0,False
21424,ets_tsb,1.0127627881655863,0.7361948114182503,24.754271588247416,0.0,False
21425,benchmark,5.220580808080808,4.718199855699855,32.333333333333336,0.0,False
21426,ets_tsb,2.4355713654392135,2.3426183016446958,28.053315935419498,0.0,False
21427,benchmark,7.146880767811,7.146880767811,40.13333333333333,0.0,False
21428,benchmark,2.126225387565087,1.9325514284178607,190.91666666666669,0.0,False
21429,benchmark,1.3939123759752385,1.3939123759752385,231.44444444444443,0.0,False
21430,benchmark,0.7515383865475207,0.37138174905009425,163.91666666666666,0.0,False
21439,benchmark,0.7395939718595037,0.12757146028506913,100.58333333333334,0.0,False
21441,ets_tsb,0.43821690263205004,-0.008481334084580322,17.433331385089417,0.0,False
21442,ets_tsb,1.131390021631618,0.8853542450255565,25.527515790752922,0.0,False
21445,benchmark,,,,0.0,True
21446,ets_tsb,1.6702207052084537,1.3422243930765514,39.565936287044444,0.0,False
21447,ets_tsb,0.5935130998518104,0.4168584729109236,52.147059592149205,0.0,False
21448,benchmark,1.6128524258246324,1.386675932206278,31.833333333333332,0.0,False
21452,ets_tsb,0.5782414094851812,0.11402838630721628,29.152699257446663,0.0,False
21454,benchmark,0.7070877531340405,-0.7070877531340405,11.333333333333334,0.0,False
21455,benchmark,0.8150126922785481,-0.8055787300143972,25.66666666666667,0.0,False
21462,benchmark,0.9851958610495196,0.7259366017902602,13.722222222222221,0.0,False
21463,random_forest,0.7043628025575002,0.24779477243884077,26.123202314467935,0.25,False
21464,benchmark,0.7379004791868107,0.6218069805147575,10.708333333333334,0.0,False
21465,random_forest,0.6798684141977169,0.376724905013235,13.819607134763386,0.25,False
21466,ets_tsb,1.0848088151103263,1.0531183064164251,18.45581678789719,0.0,False
21467,ets_tsb,1.8074443339569117,1.5614153119700356,22.112334007033425,0.0,False
21468,random_forest,1.077737607899129,0.8654442102826891,12.186725333694083,0.42857142857142855,False
21469,benchmark,2.11420638442572,1.896885929844,63.041666666666664,0.0,False
21470,ets_tsb,0.916148032844424,0.8332959733919614,21.256224928972948,0.0,False
21471,ets_tsb,0.6372344950292278,0.342399665592074,26.331104064499346,0.0,False
21472,benchmark,,,,0.0,True
21473,benchmark,5.733186813186814,5.676043956043957,17.866666666666667,0.0,False
21476,benchmark,1.575757575757576,1.575757575757576,9.88888888888889,0.0,False
21479,benchmark,1.6833541927409261,1.6833541927409261,896.6666666666666,0.0,False
21481,random_forest,0.4983339170047069,0.171499964062806,132.3746319852023,0.25,False
21484,benchmark,0.8221281075843682,0.42556361775578067,121.33333333333333,0.0,False
21485,benchmark,0.7693364511358833,0.04290734003632496,186.83333333333334,0.0,False
21494,ets_tsb,0.5655326114237367,-0.49909078779978205,104.18914297101712,0.0,False
21495,ets_tsb,0.4894453011744958,0.023090425893136535,233.3119938177096,0.0,False
21497,benchmark,0.32357128603805607,0.0006109909679879733,262.5,0.0,False
21498,ets_tsb,0.34611655230246674,0.2377671499625396,303.6863961613137,0.0,False
21499,ets_tsb,0.26237554106869737,0.11390382279268914,137.23359460820933,0.0,False
21500,ets_tsb,0.4164515233527186,0.13465986426902962,213.1522498571175,0.0,False
21503,benchmark,1.3100793220163813,0.7536022186049315,81.33333333333333,0.0,False
21504,random_forest,0.4828067498800272,0.3624132855012445,73.59847949908887,0.25,False
21506,ets_tsb,0.5284824764956775,0.24545907982803747,184.98521639754023,0.0,False
21507,ets_tsb,0.4146263187581288,0.09628636582503027,104.53711653450516,0.0,False
21508,ets_tsb,0.2911766716956672,0.08046287641514505,56.09422397367084,0.0,False
21509,ets_tsb,0.2901807155339391,0.25760960622008766,83.88891827542565,0.0,False
21518,ets_tsb,1.1869565320095583,1.1869565320095583,36.40000031495979,0.0,False
21519,ets_tsb,0.314558694458122,0.23033336547817776,74.25076722607577,0.0,False
21520,benchmark,1.1217934801456564,0.6126959713311371,24.93333333333333,0.0,False
21523,ets_tsb,0.6650513793802646,0.1176632011509521,190.48691290081226,0.0,False
21524,ets_tsb,0.6184556539854258,-0.5999779761622223,98.04487278295593,0.0,False
21527,benchmark,26.36842105263158,26.36842105263158,167.0,0.0,False
21528,ets_tsb,1.420080218639087,1.420080218639087,23.30577861016333,0.0,False
21530,benchmark,0.7409206426686383,-0.7019833215141698,56.37628730918205,0.0,False
21531,xgboost,0.5146752545461346,0.31305336239068626,63.916117668151855,0.25,False
21533,ets_tsb,0.5881027913785266,0.25668829878108473,55.88808257701966,0.0,False
21534,ets_tsb,0.37859394310252814,0.11598106912906528,11.820635121252622,0.0,False
21535,xgboost,0.4000636060385026,0.09350922130990512,78.01495157423474,0.25,False
21537,ets_tsb,1.4612908376509168,0.2873337967873967,26.184928950013237,0.0,False
21539,random_forest,0.6423875645832141,0.21675024369692242,49.02721517173302,0.2857142857142857,False
21544,ets_tsb,0.46551654404664977,-0.022854158073424412,79.5833330998818,0.0,False
21555,benchmark,1.3911381533544005,1.1621381533544004,20.041666666666668,0.0,False
21556,benchmark,1.3990539585009631,1.0291614853826836,38.22222222222222,0.0,False
21557,random_forest,0.5737352832843616,0.32763088059130596,15.007703030187406,0.25,False
21558,benchmark,0.8308287947295252,0.5744453046739249,143.05555555555554,0.0,False
21559,ets_tsb,0.398723652401672,0.09296843958236631,130.9299953829714,0.0,False
21561,ets_tsb,0.7148853278681744,0.25670647230621013,75.86116365363637,0.0,False
21562,benchmark,0.5098376313550301,0.04391328297784077,20.777777777777775,0.0,False
21563,benchmark,0.7128636331751431,0.38430000411065185,55.910643704121966,0.0,False
21564,ets_tsb,1.4486200727294645,1.2197630191182551,53.22963793942699,0.0,False
21576,benchmark,0.5513578071187182,0.18518279643469474,11.88781884049223,0.0,False
21577,ets_tsb,1.368102421006618,1.3136882873464466,67.48751962271155,0.0,False
21578,ets_tsb,1.7868016248149101,1.3023131970480917,57.817010341306684,0.0,False
21579,benchmark,0.9032373872029835,-0.3620950579146151,10.573926504072672,0.0,False
21580,benchmark,1.483580723034802,0.6699722354841666,20.993790849673204,0.0,False
21581,random_forest,0.6360739188101425,-0.2403070769352742,13.8279643879745,0.25,False
21584,ets_tsb,0.9537251442065683,0.5094951590091888,67.00064556600637,0.0,False
21586,benchmark,1.6123883999270998,1.5165391511366744,99.80952380952381,0.0,False
21588,benchmark,1.1517901658354963,0.8934872135867609,74.875,0.0,False
21591,benchmark,1.3512212413547406,1.0740043019473988,149.33333333333331,0.0,False
21592,random_forest,1.038941657524687,0.7211240881123934,108.00062821697978,0.25,False
21609,random_forest,0.5721999269482331,-0.07204254855565038,51.34538063672439,0.5,False
21613,ets_tsb,2.6520728374924074,2.381155629581395,14.974213328557518,0.0,False
21615,benchmark,1.0425814697675244,0.5385442834341625,14.611111111111112,0.0,False
21616,benchmark,1.6292145025012992,0.35529242284232704,75.33333333333333,0.0,False
21617,benchmark,2.0911332073202575,1.5340091563113145,34.80952380952381,0.0,False
21618,ets_tsb,2.1374661281578438,2.1374661281578438,16.53453983195401,0.0,False
21619,benchmark,0.97980589249043,-0.0102541057407052,85.93333333333334,0.0,False
21621,ets_tsb,1.009332688326573,0.9136920019688214,151.67641001863177,0.0,False
21622,ets_tsb,1.173686876848178,0.2523176114386649,118.09634330868805,0.0,False
21623,benchmark,4.36232819503043,4.225394337200796,312.2380952380953,0.0,False
21624,random_forest,5.692979444425896,5.566498553192404,76.70358848327598,0.25,False
21625,ets_tsb,0.3950624796866573,0.18292928833510602,11.8009812699783,0.0,False
21626,xgboost,1.1095743031617233,0.590665692854283,35.56103311266218,0.2857142857142857,False
21627,xgboost,0.6843184634821133,0.3255941834699035,4.895992159843445,0.3333333333333333,False
21628,benchmark,0.5315656565656565,-0.01010101010101011,3.6666666666666665,0.0,False
21629,ets_tsb,0.8725037008550367,-0.8117894754850402,6.00726357607005,0.0,False
21630,benchmark,2.079635854341737,1.1991503267973855,10.0,0.0,False
21631,benchmark,,,,0.0,True
21633,benchmark,0.7307692307692307,-0.34615384615384615,6.333333333333333,0.0,False
21634,benchmark,1.0016634353787612,0.17247945637883,97.1111111111111,0.0,False
21636,benchmark,0.9034344085205388,-0.9034344085205388,126.74301346181363,0.0,False
21637,benchmark,1.8274108680052497,1.8274108680052497,91.33333333333333,0.0,False
21638,benchmark,0.8642997661413484,0.2495494215377846,19.59838789120604,0.0,False
21640,ets_tsb,1.0368708233056514,0.6408062886760961,34.63671488998867,0.0,False
21641,ets_tsb,0.9375428023008265,-0.03955621437468604,106.60451308292258,0.0,False
21642,benchmark,0.7590082913024975,-0.5135614943525488,243.0,0.0,False
21643,ets_tsb,0.8079196270843408,0.6521422568064886,31.19775065383359,0.0,False
21644,benchmark,4.443304367201426,3.7004344919786094,42.916666666666664,0.0,False
21647,benchmark,3.789634743439091,3.789634743439091,40.75,0.0,False
21648,benchmark,4.189927281849803,4.189927281849803,129.33333333333331,0.0,False
21650,benchmark,0.8726036440640256,-0.7188598886306091,242.5192733717324,0.0,False
21654,benchmark,0.9741363265258439,-0.8936558460453635,194.2222222222222,0.0,False
21656,ets_tsb,0.8486952610582286,0.8486952610582286,32.53331834056543,0.0,False
21658,benchmark,3.938490226939562,3.870159186695311,49.61111111111111,0.0,False
21662,ets_tsb,4.17996172057717,4.17996172057717,19.027390577973538,0.0,False
21664,ets_tsb,0.8843137696424438,0.06470601480968445,10.022222722614364,0.0,False
21666,ets_tsb,0.8472664791079754,-0.47420056267607386,40.13610329616564,0.0,False
21668,ets_tsb,0.2916273343493927,-0.0312345106169222,126.53566262749058,0.0,False
21669,benchmark,0.5360412044470071,0.30316310276706926,209.93333333333334,0.0,False
21670,ets_tsb,0.41389349669653275,0.15808431515746219,129.0446901622235,0.0,False
21671,benchmark,1.0264464938185023,0.853340235393512,303.6666666666667,0.0,False
21672,ets_tsb,0.4658861462862624,0.37055584179469314,145.24306514098248,0.0,False
21673,ets_tsb,0.6165569855500246,0.4834078236794481,182.03607086941173,0.0,False
21675,xgboost,0.607746933263225,0.5832197049130287,32.056547142447926,0.5,False
21676,ets_tsb,1.2354944300076989,1.2354944300076989,36.36668650043539,0.0,False
21677,ets_tsb,0.7559218809878436,0.08554215924778102,39.0305776923641,0.0,False
21678,benchmark,3.948816616390146,3.50188662644545,37.541666666666664,0.0,False
21679,ets_tsb,0.9557760626596388,0.16778577083670987,80.65336341710415,0.0,False
21680,random_forest,1.736441518102322,1.352821705490825,92.5052894975395,0.25,False
21682,xgboost,1.1623370291141075,0.523368771184467,14.233608861764273,0.25,False
21683,ets_tsb,1.294789044243899,0.14641838411838526,25.749689102186686,0.0,False
21684,benchmark,1.3045781242107208,0.5697331646666278,46.375,0.0,False
21686,benchmark,0.5555555555555556,-0.5555555555555556,3.3333333333333335,0.0,False
21688,random_forest,1.328317549391096,1.0028788681714815,44.29430823112074,0.625,False
21689,benchmark,4.863940407418668,4.863940407418668,37.0,0.0,False
21693,ets_tsb,0.8684402015046868,0.23677215628197032,25.76869363407254,0.0,False
21694,benchmark,1.446516644368353,1.0247156965010547,31.416666666666664,0.0,False
21695,ets_tsb,1.1572154365774936,0.3664555546110681,21.378596991670655,0.0,False
21696,ets_tsb,0.9105901688554484,-0.6705127533238738,17.690166326903405,0.0,False
21698,benchmark,0.837273439764768,-0.41895561585639285,34.33333333333333,0.0,False
21700,ets_tsb,1.0036373465899375,-0.010969371716444964,212.37821220060852,0.0,False
21703,ets_tsb,0.5611599064882771,-0.15668764211969233,493.670001721765,0.0,False
21704,ets_tsb,0.4884024233928913,-0.05546569833282827,211.63114138412953,0.0,False
21705,benchmark,2.2499591808563304,1.6402489992870293,248.75,0.0,False
21706,ets_tsb,0.9742838758308852,-0.4235338616454467,26.346934989626824,0.0,False
21707,benchmark,1.6164177253073544,0.8081569332640305,21.94972996652766,0.0,False
21708,benchmark,0.6502597296857189,-0.44541124483723415,15.0,0.0,False
21709,benchmark,0.6981484092545842,-0.2768521129582879,9.44716384645996,0.0,False
21710,benchmark,1.7261074717208256,0.7013552053536526,11.0,0.0,False
21711,benchmark,0.625,-0.625,6.666666666666667,0.0,False
21713,ets_tsb,1.2796415223223707,0.9340319346550776,56.333333386729166,0.0,False
21714,benchmark,0.6254324235694694,0.38817096708840754,127.04166666666667,0.0,False
21715,benchmark,0.6563913946666484,0.4430004241478829,78.33333333333334,0.0,False
21716,benchmark,0.6346027768218343,0.38244674953302615,79.91666666666667,0.0,False
21718,benchmark,0.5703113455044958,0.1283646873347463,81.86862745098038,0.0,False
21719,ets_tsb,0.7910372345024772,0.3531220089851228,18.61039378201928,0.0,False
21720,benchmark,,,,0.0,True
21721,benchmark,4.398148148148149,4.398148148148149,71.16666666666666,0.0,False
21722,benchmark,4.631932208367218,4.2354969179565956,23.0,0.0,False
21723,ets_tsb,2.472144364416349,2.1421170986310836,32.71726593194649,0.0,False
21724,ets_tsb,0.6149290298015231,0.2782653028583956,18.361488747453855,0.0,False
21725,ets_tsb,2.4160333928267756,2.338765774064764,28.25142051786702,0.0,False
21726,benchmark,15.975230477801329,15.975230477801329,53.195003929977034,0.0,False
21730,benchmark,2.613479068328389,2.5005758425219375,83.5,0.0,False
21731,random_forest,0.47567220124357845,0.12387796040224565,475.34510205419576,0.25,False
21733,ets_tsb,0.7127357021583468,0.023919445636093606,359.0317603044941,0.0,False
21735,benchmark,1.7909729929707732,1.1716611172770994,31.0,0.0,False
21738,benchmark,,,,0.0,True
21739,benchmark,0.47291772464718074,-0.3474432720924362,14.266666666666666,0.0,False
21741,benchmark,3.56794425087108,3.56794425087108,46.5,0.0,False
21742,ets_tsb,0.6845080779303323,-0.09687627569433274,10.508333316530054,0.0,False
21743,xgboost,2.6703132783453727,2.266690043053436,30.283894856770832,0.8,False
21745,ets_tsb,0.5488902012038375,0.22796514881648366,46.43638192746633,0.0,False
21746,benchmark,0.7478392549653138,0.09123906823186556,143.57142857142858,0.0,False
21747,benchmark,2.0888416978331725,1.6872493032996014,129.33333333333331,0.0,False
21749,benchmark,1.2329358694466923,0.7432263498750624,192.33333333333334,0.0,False
21750,benchmark,1.2255431432973805,1.165866718027735,19.333333333333336,0.0,False
21754,ets_tsb,0.4540438185679397,0.2573949225024629,88.19942086635923,0.0,False
21755,ets_tsb,0.3991669460565383,0.07836331710077485,56.48805089500808,0.0,False
21756,benchmark,0.43360978948054485,0.044490973082187316,35.5,0.0,False
21758,ets_tsb,0.730364648203423,0.6215961167098116,2.595758409984086,0.0,False
21761,benchmark,1.0662583915696433,0.8162583915696433,1.421677855426191,0.0,False
21770,benchmark,1.1861575178997614,1.1861575178997614,165.66666666666666,0.0,False
21773,benchmark,0.7697962535880476,0.27539126749045306,34.41666666666667,0.0,False
21774,benchmark,1.0496530941359357,0.16941985181605046,52.458333333333336,0.0,False
21775,ets_tsb,0.6152815654532828,0.43627457808922104,14.83375804452129,0.0,False
21781,ets_tsb,1.064222921726312,1.001660062761049,19.610231869456793,0.0,False
21784,ets_tsb,1.818039050206729,0.3618607949306175,6.1255385472197865,0.0,False
21786,ets_tsb,1.3334617710768275,0.8178657207945929,185.5325552559708,0.0,False
21787,random_forest,1.22032454493501,0.5166030030595443,628.1690112584175,0.625,False
21788,ets_tsb,0.6682671910419626,0.48920319145151775,57.46059110507529,0.0,False
21789,ets_tsb,1.1105079128307684,0.48287376588968955,64.80000206831431,0.0,False
21790,random_forest,0.3021961400809401,-0.12362617759094255,412.72996534310585,0.25,False
21791,ets_tsb,0.36756716458532845,-0.20980640076408935,256.87437463025157,0.0,False
21792,random_forest,0.7746320694855662,-0.6327267369516332,58.75333493666827,0.6666666666666666,False
21793,benchmark,0.8902991953881306,-0.7055861498784245,22.446870520030874,0.0,False
21794,benchmark,0.8312250312010967,-0.8312250312010967,60.82603499786599,0.0,False
21801,benchmark,1.1082575185825827,1.006026185919476,74.0,0.0,False
21802,benchmark,0.5578004354811198,0.27663677198388376,164.77777777777777,0.0,False
21803,benchmark,0.4403521643855203,0.4214897735918365,122.8,0.0,False
21811,benchmark,0.5834912271663683,-0.3162120199740756,286.0,0.0,False
21812,benchmark,0.8833018091682351,0.5254450409865572,26.611111111111114,0.0,False
21814,benchmark,8.575,8.575,114.33333333333333,0.0,False
21815,benchmark,6.721702317290553,6.721702317290553,106.5,0.0,False
21818,benchmark,0.5831992441590308,-0.24612285703415063,261.83333333333337,0.0,False
21820,benchmark,1.1234326550134093,1.0979168165943451,81.33333333333334,0.0,False
21823,benchmark,0.7555847436712056,-0.44137379359069046,244.44444444444443,0.0,False
21828,random_forest,1.536455704005118,1.3476314549953026,27.88690576408545,0.25,False
21829,benchmark,0.3500803894538465,0.22484000552533354,353.3333333333333,0.0,False
21830,ets_tsb,1.152888298544959,0.5579873913406088,302.025370832089,0.0,False
21832,ets_tsb,0.514055802934025,-0.22320050535599367,37.096789687096525,0.0,False
21833,ets_tsb,0.8248598311447023,0.04118762806709056,147.487483245753,0.0,False
21841,benchmark,2.0361802413273002,1.4523567119155354,27.166666666666664,0.0,False
21843,ets_tsb,0.4031031134315272,-0.31373698740036765,55.50140363075057,0.0,False
21844,ets_tsb,0.6108256918874786,-0.05200683087209504,89.0741258120919,0.0,False
21845,ets_tsb,0.6034195098805542,-0.22280031730457736,134.4473093507221,0.0,False
21846,benchmark,15.054333333333332,14.563222222222219,99.33333333333333,0.0,False
21847,benchmark,31.666666666666668,31.0,63.333333333333336,0.0,False
21849,benchmark,3.903735632183908,3.4195402298850577,25.0,0.0,False
21850,benchmark,8.918164160401002,8.084141604010025,33.4,0.0,False
21851,ets_tsb,1.266589655484649,0.5572000741266929,6.691495577498756,0.0,False
21864,ets_tsb,0.8608617889201047,0.8446052661558728,38.814263887323406,0.0,False
21865,ets_tsb,1.1673060874097532,0.7799712886517287,17.676878309687197,0.0,False
21866,ets_tsb,0.9079424514123099,0.8720812427498934,43.98941365128829,0.0,False
21867,ets_tsb,1.4406156690566845,1.4406156690566845,30.756006123020214,0.0,False
21868,ets_tsb,6.112232762175853,5.842133544921072,134.77808416076118,0.0,False
21870,benchmark,0.9495030491941292,0.9495030491941292,165.83333333333331,0.0,False
21871,ets_tsb,0.55292995231207,-0.2423994078749964,250.12782251334045,0.0,False
21872,ets_tsb,1.1842129207366954,-0.11474655083268359,124.4100724815141,0.0,False
21873,random_forest,1.3395126404442221,0.668263549947137,109.68336490477115,0.25,False
21874,benchmark,0.7302975298685213,0.18583480625594737,196.4504499886079,0.0,False
21875,ets_tsb,2.1368536763804693,1.3733595688178684,274.4676719642746,0.0,False
21876,benchmark,0.9100433919189888,0.2965892442387581,179.98627450980393,0.0,False
21877,ets_tsb,0.9576523463486609,-0.08202647879001998,534.3084652241926,0.0,False
21878,benchmark,0.8794939621133568,0.3297852256200583,60.53333333333334,0.0,False
21879,benchmark,1.683705742208547,1.2489895827641269,30.999999999999996,0.0,False
21880,xgboost,0.4118784083541354,-0.2727546567520497,49.90452694892883,0.25,False
21881,benchmark,0.855354869837754,0.09284113647897496,50.318197454420364,0.0,False
21882,benchmark,4.533244578886026,4.429077912219359,31.848883572567782,0.0,False
21883,benchmark,0.606405750794233,0.13263799276409374,37.45833333333333,0.0,False
21884,random_forest,1.5010035059318467,0.6784113653538919,65.49921148903181,0.25,False
21888,ets_tsb,0.6053403312071144,-0.033885200912564445,90.43640320135879,0.0,False
21889,benchmark,0.547941136143459,0.199278709036955,200.91666666666666,0.0,False
21890,ets_tsb,0.826139051112568,0.8108879116714031,66.77494493252613,0.0,False
21891,ets_tsb,0.3418826248809633,0.0006409721902099833,246.78448201354894,0.0,False
21892,ets_tsb,0.49910609276978707,-0.22933560851970375,144.33693238956172,0.0,False
21894,ets_tsb,0.6630402380249906,0.41696079658498747,26.853543046241683,0.0,False
21896,benchmark,4.210975546196352,4.026724272890217,95.5,0.0,False
21899,ets_tsb,0.9754622449977264,0.6364757818344563,196.97157531870744,0.0,False
21900,ets_tsb,0.6187262287466969,0.24236125149827425,174.77083290058184,0.0,False
21901,ets_tsb,0.5001472887399709,0.4831421807394908,77.35634393709717,0.0,False
21902,ets_tsb,0.8436991051678372,0.45369132224300657,150.58890035794136,0.0,False
21903,random_forest,0.6956067984041169,0.3673146219966845,60.804238933231126,0.25,False
21904,ets_tsb,1.0,-1.0,12.666666666666666,0.0,False
21905,ets_tsb,0.9610041452429756,0.11083967804908731,54.733019918864464,0.0,False
21906,ets_tsb,1.9064117731963823,1.727829151107891,55.69600820583521,0.0,False
21907,benchmark,0.4427489463589746,0.4427489463589746,68.33333333333333,0.0,False
21908,random_forest,0.561757976956532,0.14931433147093276,173.0095951992928,0.25,False
21911,benchmark,,,,0.0,True
21912,random_forest,0.32598108695391953,-0.09356800813317992,49.92713568029194,0.25,False
21913,random_forest,0.6288480394604625,0.26127743350669164,22.1883862666473,0.25,False
21914,xgboost,0.3684406581734867,-0.2600577427407047,230.34806696573892,0.625,False
21915,benchmark,0.3365129505708173,-0.166584990404536,694.1666666666667,0.0,False
21916,ets_tsb,0.5704674620873933,0.3536193889265904,203.5091079570921,0.0,False
21917,random_forest,0.42354509240381827,0.06127539384679548,153.6084078959235,0.25,False
21918,xgboost,0.5409663972322399,0.3106405600139951,252.81370544433594,0.25,False
21922,benchmark,0.8055454286844101,-0.11209482988201494,19.666666666666664,0.0,False
21925,ets_tsb,0.7424788240856921,0.15113515771633274,8.169566728275203,0.0,False
21926,benchmark,1.0514696182290864,-0.32136532153868774,35.28531015763824,0.0,False
21927,xgboost,0.5574736013187589,-0.2193169878821467,30.377551873524983,0.5,False
21928,ets_tsb,0.46276938804727497,0.41321473631455863,329.1332454884231,0.0,False
21929,ets_tsb,0.39183395019859013,0.33566565276129134,299.23810789945867,0.0,False
21930,ets_tsb,0.41345887070343157,0.06678078157093004,220.18332729901633,0.0,False
21931,ets_tsb,0.2013712151276916,0.09378827660975837,214.54983868858113,0.0,False
21932,xgboost,0.6562172738469589,-0.44180021576900824,216.84001398086548,0.25,False
21933,random_forest,0.637056340843461,-0.2608404671986584,215.4268063337126,0.25,False
21934,ets_tsb,0.43450252153473923,-0.20303748729123422,92.29817892349101,0.0,False
21935,ets_tsb,0.48590828730718616,-0.31859444081408667,131.47825504363928,0.0,False
21936,benchmark,0.31298480092712255,-0.021826247891487148,153.58333333333334,0.0,False
21937,benchmark,0.32623995816465456,-0.1610119825806277,112.5,0.0,False
21942,ets_tsb,0.9582670938598041,-0.6916004118176439,12.666666679912145,0.0,False
21943,ets_tsb,1.0589146089727781,1.0589146089727781,15.323853058373862,0.0,False
21944,benchmark,0.7118967972140737,-0.15840602645257576,20.0,0.0,False
21945,ets_tsb,0.9259259334604906,-0.3671497292276737,14.111111164093018,0.0,False
21946,benchmark,0.9482004923181394,0.5802351243527715,7.888888888888888,0.0,False
21947,benchmark,2.06574008216632,1.7889493909734546,41.95833333333333,0.0,False
21948,ets_tsb,2.800230894262346,2.800230894262346,84.27139919819997,0.0,False
21949,ets_tsb,3.2910967512354334,3.2910967512354334,98.01978199626163,0.0,False
21955,benchmark,1.6372639636744775,0.7430785999638234,164.66538589119858,0.0,False
21967,benchmark,1.183427450301433,1.0435150095863657,339.875,0.0,False
21972,ets_tsb,0.6925788671680446,0.34685965131293195,16.858638854302562,0.0,False
21973,ets_tsb,2.242257362235946,1.7005607395557838,47.97861566839323,0.0,False
21974,ets_tsb,0.5408502279026999,0.020234214159575437,95.58032678248435,0.0,False
21975,xgboost,0.6756289008930791,0.39501078114067456,613.7298355102539,0.25,False
21976,ets_tsb,0.5392731367736758,0.25972204646346886,230.36831208859508,0.0,False
21977,random_forest,0.49286882279793837,0.34938057221046737,866.1134523641867,0.25,False
21980,random_forest,1.3129406145024967,1.0297428422702122,731.8906247349294,0.25,False
21981,benchmark,1.3874357924356913,1.2640271797349687,667.7083333333334,0.0,False
21982,benchmark,2.498246855622676,2.498246855622676,1508.8333333333333,0.0,False
21983,ets_tsb,0.5239384486504108,-0.19627990422770752,100.85334402978685,0.0,False
21984,benchmark,3.185629867162567,3.185629867162567,795.5,0.0,False
21985,ets_tsb,1.245121920129839,1.245121920129839,633.879353435427,0.0,False
21986,ets_tsb,1.904821925086824,1.904821925086824,417.1437747408582,0.0,False
21987,ets_tsb,0.7894633270962164,0.6529087857728156,123.91188177209892,0.0,False
21988,ets_tsb,0.7735089350296709,0.2797843883551183,123.60103364933568,0.0,False
21989,ets_tsb,0.9802963714218169,0.9232574458962837,170.2620005953279,0.0,False
21990,ets_tsb,0.6121934975420982,-0.27929128338565135,106.83380586397647,0.0,False
21991,benchmark,1.1121212489713523,-0.44625715594180076,79.46666666666667,0.0,False
21992,ets_tsb,0.5411047924623706,-0.3481667314911013,97.2324016629232,0.0,False
21993,benchmark,0.7454087227601731,-0.5482569604664674,138.13333333333333,0.0,False
22023,ets_tsb,0.7880858709679341,-0.10047566144870726,74.22201803167485,0.0,False
22024,ets_tsb,0.5316086906214986,0.5035298434604232,81.66525289593173,0.0,False
22025,ets_tsb,0.5993476852099742,0.2311742727719317,84.1919766899407,0.0,False
22026,ets_tsb,0.3372518055993631,0.21292981237806943,45.363664803225724,0.0,False
22027,xgboost,0.38804687029671125,0.38636980943207594,127.77707481384277,0.25,False
22028,ets_tsb,0.31740652393286867,-0.08586259732130018,85.0209151488088,0.0,False
22029,ets_tsb,0.26652833790750513,0.16450158037293094,165.85234971118462,0.0,False
22030,benchmark,0.40460499104580194,0.15292399633531034,218.26666666666665,0.0,False
22031,ets_tsb,0.7061778636004525,0.5766046624798649,21.41224606615031,0.0,False
22032,benchmark,0.8265141963814857,0.28751496873557597,27.952380952380953,0.0,False
22033,ets_tsb,0.9946808374878876,-0.19133547580761592,39.99754305706514,0.0,False
22035,ets_tsb,0.7529213204873898,0.6767044931930407,80.72675250324862,0.0,False
22037,benchmark,0.46581364539913367,-0.059626088217505875,167.4761904761905,0.0,False
22038,benchmark,0.5130952380952382,-0.010714285714285713,30.555555555555554,0.0,False
22040,benchmark,1.8004843304843305,1.6303988603988604,110.55555555555556,0.0,False
22041,ets_tsb,0.3696130870997445,-0.01941445175214218,125.08126283814339,0.0,False
22045,random_forest,0.218932124625491,0.14341645766741126,123.88289866961745,0.25,False
22046,xgboost,0.5100911471097255,0.34430500811079,93.94531472524008,0.25,False
22047,ets_tsb,0.42861989660806693,0.18091235259572636,115.03785981055177,0.0,False
22048,ets_tsb,0.5806858733995037,-0.44465423637034257,53.27911628603264,0.0,False
22050,ets_tsb,0.6833404226169695,0.3609260184070314,69.27019693089952,0.0,False
22051,ets_tsb,0.7610958510210379,-0.09998033634078664,76.25704838437639,0.0,False
22052,benchmark,,,,0.0,True
22053,benchmark,1.283569007829847,0.4900666121304196,36.16666666666667,0.0,False
22055,random_forest,1.2542852342851374,1.0426777462938273,116.04462663840789,0.25,False
22057,ets_tsb,2.045546543395441,1.0164835066509514,56.426526365624596,0.0,False
22059,ets_tsb,1.858262690117317,1.5527034715811139,133.7542319666354,0.0,False
22060,ets_tsb,0.7669882543379268,-0.7669882543379268,43.207004994369875,0.0,False
22061,ets_tsb,0.9104501314112099,-0.8074600259295357,35.490908436696635,0.0,False
22062,benchmark,0.7161515229962317,-0.7160308222074522,50.99390142021721,0.0,False
22063,ets_tsb,0.982882422271371,-0.982882422271371,42.928611758092806,0.0,False
22064,ets_tsb,0.586862547726476,-0.4662319211318013,69.27443643186828,0.0,False
22065,benchmark,1.5080885302854417,0.28806757312161774,904.5333333333334,0.0,False
22066,ets_tsb,0.5978426163440598,-0.10143028403882655,131.7268349087562,0.0,False
22067,ets_tsb,1.2501546293106602,0.2775114676237088,35.1418865650439,0.0,False
22068,ets_tsb,0.6947698802505233,-0.2412286727496582,28.177096014936456,0.0,False
22069,xgboost,1.0648134536664684,0.7165957531698233,21.93602567911148,0.25,False
22070,ets_tsb,0.6345997682243039,-0.4360778943202327,38.72243890035647,0.0,False
22071,ets_tsb,1.8824375613960562,0.9369442951698586,39.88838329789228,0.0,False
22072,ets_tsb,0.7435669106699487,0.3523663103551233,32.259638428970646,0.0,False
22073,ets_tsb,1.5752310293717455,1.5752310293717455,73.51078137068146,0.0,False
22074,benchmark,1.9612491201647058,1.7728380737485492,56.99999999999999,0.0,False
22075,benchmark,1.4807808934160427,1.2277612718146955,117.13333333333333,0.0,False
22076,ets_tsb,0.9873459072546968,0.5636755498244498,56.56334606871517,0.0,False
22077,ets_tsb,0.3471100082855588,-0.042869035900377606,272.38794711563804,0.0,False
22078,benchmark,1.1964259329201528,1.0380100913359942,156.08333333333334,0.0,False
22079,benchmark,0.7486818685438026,0.6579555556018175,95.26320346320347,0.0,False
22080,benchmark,0.49526380893823374,0.09349645015721429,88.30020337922403,0.0,False
22081,random_forest,0.3235181932418896,0.21618736873110744,17.73649145328052,0.25,False
22082,ets_tsb,0.4064188524176565,-0.13685602715181144,90.99999964175126,0.0,False
22083,ets_tsb,0.3215454395071624,-0.3215454395071624,123.94410366717152,0.0,False
22084,benchmark,5.90462289789501,5.390349141750998,412.0645424836601,0.0,False
22085,ets_tsb,1.2982298602429045,1.2751785314934267,48.35109140749819,0.0,False
22086,xgboost,0.42003565588158454,-0.10877274605880978,299.6076040267945,0.25,False
22087,benchmark,0.35927977951279444,-0.2808484069637748,238.66666666666666,0.0,False
22088,ets_tsb,0.5345350252770408,-0.36002025969548473,166.98962518165226,0.0,False
22089,random_forest,0.6710254329673022,0.38419688361572807,71.16878884483572,0.25,False
22090,xgboost,0.43141046255418913,0.2688239906864672,245.25997797648114,0.25,False
22091,ets_tsb,0.8114066986974191,-0.3607335461524671,173.71212773285413,0.0,False
22092,benchmark,0.818658977614296,-0.6490372967501017,87.41440632894563,0.0,False
22093,ets_tsb,0.7528171474545604,-0.42338824343763887,150.00719157755697,0.0,False
22094,ets_tsb,0.8442690697930288,-0.1518584199246951,171.50801192243148,0.0,False
22095,benchmark,0.9290655627687339,-0.33060280861001623,99.41666666666666,0.0,False
22096,benchmark,2.6202812163410054,1.3217516370188094,135.9057603455203,0.0,False
22097,xgboost,1.2715719353395256,0.12193793105415113,133.98855710029602,0.25,False
22098,random_forest,0.7834141606268237,-0.26654035149453137,165.90674941609316,0.25,False
22099,benchmark,1.2725744049362162,0.13709379225506163,119.20833333333334,0.0,False
22100,benchmark,0.7597955198721806,-0.7597955198721806,91.44209984559959,0.0,False
22101,ets_tsb,0.41522567786452774,-0.23560577057244564,53.53425842510367,0.0,False
22102,ets_tsb,0.6510341699210175,-0.17981612243081102,12.483578106077042,0.0,False
22103,benchmark,1.1843449359683125,1.023187911174924,30.166666666666664,0.0,False
22104,benchmark,4.827800165520754,4.447383498854087,121.72222222222223,0.0,False
22105,benchmark,0.8820074227050971,-0.812389632157074,76.0,0.0,False
22106,xgboost,0.48892508336095786,-0.36696969666507,11.033236889612107,0.2857142857142857,False
22107,ets_tsb,1.347145134182616,0.49261364205655833,36.80524379919702,0.0,False
22108,benchmark,1.7898391608391606,1.1079300699300698,12.866666666666665,0.0,False
22109,benchmark,0.6132074211583792,0.12719783870592216,69.5,0.0,False
22110,benchmark,0.614807901407635,0.05161040993415528,46.416666666666664,0.0,False
22111,benchmark,0.7314038723141545,-0.02015166773299429,236.125,0.0,False
22112,benchmark,0.3451545796297403,-0.08678486961877746,129.33333333333334,0.0,False
22114,benchmark,0.4806284528201236,0.027739655093047932,480.0,0.0,False
22115,ets_tsb,0.7893770656561666,-0.2917722693346212,115.6065694419666,0.0,False
22116,random_forest,0.7550070482820177,-0.5374679328220247,42.29758678474304,0.25,False
22117,benchmark,1.4107748155555757,0.3202213840259502,157.95833333333331,0.0,False
22118,benchmark,3.8308434498089667,3.70381642278194,69.26666666666667,0.0,False
22119,ets_tsb,0.7473893718669298,-0.1723893802764278,14.208333328987159,0.0,False
22120,benchmark,1.2333740120800816,1.222735714207741,39.0,0.0,False
22121,benchmark,4.398586111377739,4.398586111377739,187.0,0.0,False
22123,ets_tsb,0.39784462014191874,-0.2903436209529875,16.98133759646528,0.0,False
22124,benchmark,0.6467477834370874,0.061495944161478945,8.333333333333332,0.0,False
22128,random_forest,0.8548947986253019,0.3303588497672516,108.600610567384,0.25,False
22129,ets_tsb,1.0942062212727328,-0.09934297128661848,81.05837958542003,0.0,False
22130,benchmark,2.4333846214121158,2.4333846214121158,817.5999999999999,0.0,False
22131,benchmark,0.5765226081736095,0.37881805554987835,92.64203369094673,0.0,False
22132,benchmark,1.9866016578736185,1.935542104334896,99.18419442875964,0.0,False
22133,benchmark,1.3583421513076597,1.3479687073242572,73.79166666666666,0.0,False
22134,ets_tsb,1.7267502807436907,0.9803732006506796,70.78143892173956,0.0,False
22135,ets_tsb,1.1685970276661506,1.1685970276661506,37.93083976538331,0.0,False
22136,benchmark,7.661049474636191,7.5491773285174695,89.27777777777777,0.0,False
22137,ets_tsb,1.1919948046210653,1.1919948046210653,19.866580077017755,0.0,False
22138,ets_tsb,0.579041041683451,-0.579041041683451,284.5715766801469,0.0,False
22139,random_forest,0.22540739535555243,0.13157457611446569,91.69087471556225,0.25,False
22144,benchmark,,,,0.0,True
22147,ets_tsb,0.6766856128185506,0.1383202038629488,334.79586900469184,0.0,False
22148,benchmark,0.9535697071936378,-0.9535697071936378,175.33333333333334,0.0,False
22149,benchmark,0.33236867260822045,-0.017313168397719538,186.8095238095238,0.0,False
22150,ets_tsb,0.36971791510820773,0.24067994353330624,80.5853814369909,0.0,False
22151,random_forest,0.44797939972355894,0.10921706277178955,464.0175922790445,0.25,False
22152,benchmark,1.9636535323793602,1.9636535323793602,386.33333333333337,0.0,False
22153,benchmark,0.29007455497676204,0.29007455497676204,134.08333333333331,0.0,False
22154,benchmark,0.7808146312568047,0.6450200108194336,377.91666666666663,0.0,False
22155,ets_tsb,0.7718323558808123,-0.7185332416009265,151.50000039115548,0.0,False
22156,ets_tsb,0.4942246000300857,-0.08327256639675687,83.083333014821,0.0,False
22158,random_forest,1.1412192911113779,1.0388464612985489,238.17508509413867,0.75,False
22161,random_forest,0.8682922156307342,-0.4018951627631523,395.7001549255143,0.25,False
22162,xgboost,3.424063511083482,3.184933076300873,21.821059465408325,0.2857142857142857,False
22163,benchmark,2.5470907422897553,1.7857956065423095,92.375,0.0,False
22165,ets_tsb,1.1078175466138644,0.9345220776820684,25.236981478310398,0.0,False
22166,random_forest,1.6312039235275744,1.4001185536532978,13.422074553918305,0.25,False
22167,ets_tsb,1.1501257974603736,1.0444607484016886,15.991549230430326,0.0,False
22168,benchmark,,,,0.0,True
22169,random_forest,0.34359639147971655,0.03868890135341033,34.48721327572889,0.5,False
22170,random_forest,0.4878776210186242,0.27767089548659274,40.928113476800974,0.5,False
22171,benchmark,1.239196589873057,0.48704641381024055,167.35547391205284,0.0,False
22173,benchmark,0.5731672907888987,0.48168464094662744,105.66666666666666,0.0,False
22174,random_forest,0.6087327146498114,0.21598694736721935,101.50717765509953,0.625,False
22175,benchmark,0.6342346088064328,0.37032766581249393,37.958333333333336,0.0,False
22176,benchmark,0.27241482801662775,0.06558480323649384,10.761904761904763,0.0,False
22178,ets_tsb,0.39746432591177927,0.2622848903550035,774.9843799025887,0.0,False
22179,ets_tsb,0.6899565157246729,0.37491955609809324,38.557902415684595,0.0,False
22180,ets_tsb,0.8502769804002197,0.7128260184863644,18.930410526470553,0.0,False
22181,ets_tsb,0.8992122565140876,0.7109963675429544,34.28260000657761,0.0,False
22182,random_forest,0.7221838798267536,-0.3455101383324015,24.693697983151107,0.25,False
22183,ets_tsb,0.3145090188234954,0.012927659308540075,18.1366867521549,0.0,False
22185,ets_tsb,0.5367792296711517,-0.5105578129275753,70.40455857993717,0.0,False
22186,benchmark,0.3414842549145042,0.3046421496513463,52.5,0.0,False
22187,benchmark,0.5027086307238964,-0.18645190185145655,127.25,0.0,False
22188,random_forest,1.6453556511955165,1.4703232826411101,363.60601405596714,0.5,False
22189,random_forest,0.654294728825262,0.3819152229036544,298.3774756984913,0.25,False
22190,ets_tsb,1.0344564724987757,0.6522909952802375,34.43736664088809,0.0,False
22191,benchmark,0.4849235612941204,-0.35454670312730924,41.25466173524426,0.0,False
22192,benchmark,0.4103079095415804,-0.1582031971316603,29.72241355826669,0.0,False
22193,benchmark,0.6271105271267773,-0.5947893514061151,82.22222222222223,0.0,False
22194,ets_tsb,1.3996212534073236,1.3669400889269578,6.953087433174231,0.0,False
22195,ets_tsb,0.8609304199842164,-0.022276387683928756,100.85435629282998,0.0,False
22196,benchmark,0.670316845186109,0.5651463803192411,113.67490118577075,0.0,False
22197,benchmark,0.4579323500539805,-0.4377143286741664,1935.56112365895,0.0,False
22199,ets_tsb,1.6000432532231348,0.9856580818565108,39.10136240489953,0.0,False
22200,ets_tsb,1.6945329798355802,1.3649817909906776,32.591588323455134,0.0,False
22201,ets_tsb,1.5267609906288135,1.393064461688503,13.599731594087455,0.0,False
22202,benchmark,,,,0.0,True
22203,ets_tsb,1.5444937949236395,0.9823112060496146,37.28001439045803,0.0,False
22204,ets_tsb,1.9603921751046283,1.9418692074994655,14.989189525588497,0.0,False
22207,xgboost,0.7255507006333268,0.6894904631013707,54.96060641606649,0.25,False
22208,random_forest,0.7769994077085631,-0.26564887360083517,89.49115154810468,0.25,False
22209,ets_tsb,0.5633064618820679,-0.11506747746976362,48.27392381762651,0.0,False
22210,benchmark,0.8057884111695575,-0.30005670385248434,69.41666666666667,0.0,False
22211,ets_tsb,0.639804669015837,-0.3265525394961002,56.07615572216706,0.0,False
22212,ets_tsb,0.7688893253193433,0.6409760501087187,85.21174301557103,0.0,False
22214,random_forest,2.7050426195547352,2.6177043237142907,15.569927363146116,0.25,False
22215,ets_tsb,0.5696073509110005,-0.39288319289881635,13.820180487186132,0.0,False
22216,benchmark,1.7642178420371337,1.4767482602471431,46.208333333333336,0.0,False
22217,ets_tsb,1.0,-1.0,48.166666666666664,0.0,False
22219,ets_tsb,0.7016425163820758,0.6758481122006048,163.42290708272745,0.0,False
22220,benchmark,2.3772263723388223,2.117287534418333,24.527464865612455,0.0,False
22221,ets_tsb,0.914161519759199,0.1521998838486496,7.291666567946475,0.0,False
22222,random_forest,0.74683081321532,0.4014797441004189,26.130117119570247,0.25,False
22223,ets_tsb,2.3864771529508335,1.7609359854810818,25.944232142419246,0.0,False
22224,ets_tsb,0.9134196495138485,0.8847623857069694,45.322555800705054,0.0,False
22227,ets_tsb,0.681365205231036,0.5863693095795331,102.06223884466515,0.0,False
22228,benchmark,0.8441296611886848,-0.8353572654984246,42.266666666666666,0.0,False
22229,benchmark,1.015643536942895,-0.7006185333359035,35.22222222222222,0.0,False
22230,ets_tsb,0.9392328061071659,-0.2953494308685254,107.49383048336624,0.0,False
22231,ets_tsb,0.8910810976314769,0.16299666531509704,68.07892695823715,0.0,False
22232,ets_tsb,1.0179465057484007,-0.020460601056554395,42.554441132082346,0.0,False
22233,ets_tsb,0.7439112460659478,-0.4032100095609451,36.517344721754455,0.0,False
22236,ets_tsb,1.2093884193141555,-0.06840455136735693,22.922019805179115,0.0,False
22241,benchmark,2.6335966536603412,1.9520449389377552,48.19047619047618,0.0,False
22243,benchmark,11.704937248332962,10.93804425278246,459.8888888888889,0.0,False
22244,benchmark,0.5787731796789463,0.2974065866858427,87.88888888888887,0.0,False
22245,ets_tsb,3.4266168823149883,3.4266168823149883,202.96458257685617,0.0,False
22246,ets_tsb,0.9483569416805503,0.8072509102077218,26.131076849184154,0.0,False
22248,benchmark,0.9452389503364399,0.4331674442544839,28.222222222222218,0.0,False
22249,benchmark,0.35514018691588783,-0.29906542056074764,50.666666666666664,0.0,False
22250,benchmark,7.766422109718691,7.248610586300206,47.791666666666664,0.0,False
22251,benchmark,5.953563188364909,5.599618848544863,70.5,0.0,False
22252,random_forest,0.5287785236353776,-0.2705404607002674,28.212581082112337,0.25,False
22254,benchmark,0.9035101200542377,0.6210009625450802,14.958333333333332,0.0,False
22255,benchmark,0.8490835686427571,0.15343480370345944,21.125,0.0,False
22260,benchmark,1.637817583593017,0.9870213999315214,27.5,0.0,False
22261,benchmark,1.0760395622329528,0.8059260136028803,64.0,0.0,False
22262,random_forest,0.870993270025099,0.6293683514855205,35.03867355387668,0.25,False
22263,benchmark,1.333768115942029,0.5409500805152979,10.533333333333333,0.0,False
22264,benchmark,0.5726141078838174,-0.15767634854771784,46.0,0.0,False
22265,benchmark,0.7567818654775177,0.2663136380527685,47.888888888888886,0.0,False
22266,benchmark,0.5626949503762679,-0.5626949503762679,53.333333333333336,0.0,False
22268,benchmark,0.7788809186836707,-0.6852459729282074,113.65146247624345,0.0,False
22269,ets_tsb,0.6802273263825607,-0.3336740071823103,58.39177081834424,0.0,False
22270,benchmark,1.3254955305091332,0.48367664205207933,27.166666666666668,0.0,False
22271,xgboost,0.6091050599769232,0.4871614304720315,79.40495990571522,0.2857142857142857,False
22272,ets_tsb,5.106609043965811,5.106609043965811,83.7750053441249,0.0,False
22273,benchmark,0.6247065849894349,-0.16540105799355437,209.45833333333331,0.0,False
22274,benchmark,0.5565171159918582,0.5034412003958784,49.2499073771385,0.0,False
22276,ets_tsb,1.2311404743800263,0.1274481888730915,23.56510336829144,0.0,False
22277,ets_tsb,1.7981481872903256,1.3766189146070769,44.79736837438308,0.0,False
22278,random_forest,0.6332495338952594,0.3325057189283138,16.805163937913935,0.25,False
22279,ets_tsb,0.8072353878284183,0.03029329309678863,51.997355622542486,0.0,False
22280,xgboost,1.1068914076964607,0.24879199159261423,32.54063193003336,0.25,False
22282,benchmark,0.652994518305364,0.6463711416819875,6.448687182382834,0.0,False
22283,ets_tsb,0.8414757974239835,-0.04665938290319033,15.370615068631675,0.0,False
22284,benchmark,1.3276834456089808,1.0714315249364887,45.72705627705628,0.0,False
22285,benchmark,1.3016775978961432,0.49349249712024806,42.649868247694336,0.0,False
22286,benchmark,,,,0.0,True
22287,benchmark,,,,0.0,True
22288,benchmark,,,,0.0,True
22289,benchmark,1.5172413793103448,0.4827586206896552,14.666666666666666,0.0,False
22291,random_forest,0.4818411770528489,-0.29496297947029826,39.58131492488992,0.2857142857142857,False
22292,benchmark,0.506091861978339,-0.021319578091587403,25.0,0.0,False
22293,benchmark,0.4767054970411999,-0.4767054970411999,55.66666666666667,0.0,False
22294,ets_tsb,0.834910198447257,0.4471566899526553,329.6734643517051,0.0,False
22295,random_forest,1.16267826788794,1.0788047697366185,215.63818219049466,0.5,False
22296,ets_tsb,0.43562163163189593,0.2398693925036144,96.42595770859265,0.0,False
22297,ets_tsb,0.5107423661666131,0.08128639277767964,177.66863132270194,0.0,False
22299,ets_tsb,4.261883568967031,3.702789016615344,125.70774317050459,0.0,False
22300,random_forest,0.7372731758322026,0.3957756047310449,80.8972453460891,0.25,False
22301,ets_tsb,0.5779191338680703,0.32742233405653315,94.5058761329031,0.0,False
22302,benchmark,2.307596271187775,1.3311346014353431,291.61111111111114,0.0,False
22303,ets_tsb,0.4099128028270057,0.07423236528763302,85.76493204228228,0.0,False
22304,ets_tsb,2.873785133360338,2.873785133360338,67.98735760661859,0.0,False
22305,ets_tsb,4.814028546483481,4.71554374148524,86.88155375381947,0.0,False
22308,ets_tsb,1.171411812121684,0.7683735563461278,18.613106928254055,0.0,False
22309,benchmark,1.8784323663656184,1.866007239210416,47.488850275123085,0.0,False
22310,benchmark,1.6667606482613047,1.336916896420504,76.86666666666666,0.0,False
22311,random_forest,0.7932729715811804,-0.270490395984575,51.51945568233849,0.25,False
22312,ets_tsb,0.7987417272456586,-0.009940039310465054,22.7500001428028,0.0,False
22313,benchmark,1.1315005082217693,0.011534896360442026,82.94444444444444,0.0,False
22314,ets_tsb,0.5419481047450827,-0.31110677267363285,17.958333184321717,0.0,False
22315,ets_tsb,0.6944978006370606,0.36363129720606324,45.394391798643326,0.0,False
22316,benchmark,1.3419616241972427,0.6819581060147949,50.25,0.0,False
22317,benchmark,0.8558261537928197,0.7647863362691423,10.571428571428571,0.0,False
22318,ets_tsb,0.9778220271208766,0.8443266103959262,29.432909769982572,0.0,False
22319,ets_tsb,0.9699297254564165,0.2545179516674931,73.90568500416109,0.0,False
22320,random_forest,0.2723968065182968,-0.030997626831429842,4.9225779568334715,0.25,False
22321,benchmark,0.9881735135358725,0.9628111165352965,48.80669212557085,0.0,False
22322,benchmark,1.3103512828931219,0.9316944827692988,20.857142857142858,0.0,False
22324,ets_tsb,1.3523388501678308,0.8411352799132484,19.687781651083665,0.0,False
22325,benchmark,0.6639969091236887,0.49871095083661077,7.047619047619048,0.0,False
22326,xgboost,0.28899457351185065,-0.011266543629054037,211.44356718517483,0.2857142857142857,False
22327,benchmark,0.5842811030324547,0.41614508316989957,52.87738463806575,0.0,False
22328,ets_tsb,0.6183515052881633,0.6183515052881633,260.61152296123214,0.0,False
22329,ets_tsb,0.5761014803766822,-0.3550194284184655,63.27359140305624,0.0,False
22331,random_forest,0.5563297520305526,0.36846523605024606,60.48011897419709,0.25,False
22332,ets_tsb,1.4076577964003194,1.4076577964003194,101.62528565367523,0.0,False
22333,ets_tsb,0.3980249880103427,0.16598018226113023,124.9035311869941,0.0,False
22334,ets_tsb,1.581667334503663,1.5316671693900696,65.37930087903507,0.0,False
22335,xgboost,1.2766575879698414,1.1394846094178348,227.49970118204754,0.25,False
22336,benchmark,0.6650945093752483,-0.5170945093752483,133.73333333333332,0.0,False
22338,benchmark,0.7510102943256932,-0.5869381154945593,652.5833333333333,0.0,False
22341,ets_tsb,3.7349656878726973,3.7349656878726973,87.78969140319779,0.0,False
22342,ets_tsb,0.8476633402368374,0.34720896828006165,43.51409775410109,0.0,False
22343,random_forest,0.5576329017432605,0.3544503160430303,41.251663783843455,0.25,False
22344,benchmark,0.6271663751790733,-0.10078888989982851,18.866666666666667,0.0,False
22345,random_forest,1.3585527898991265,1.1864315777779146,21.500802076684888,0.25,False
22346,benchmark,0.9356778352349369,0.4465298578215918,23.569136690031755,0.0,False
22348,ets_tsb,0.5186165103009661,-0.3776219898079687,147.02624398146907,0.0,False
22349,benchmark,0.9083659502957493,0.16550119539322466,128.29758986928104,0.0,False
22350,benchmark,1.091482094072008,0.37986417390993393,140.75269607843137,0.0,False
22352,ets_tsb,0.419918762883128,0.20219553625883516,103.65870681406352,0.0,False
22354,ets_tsb,0.6849676380320906,0.6842683157386609,34.81377033751654,0.0,False
22355,random_forest,0.17696490694644068,0.03645741402241223,234.71135897187645,0.25,False
22356,ets_tsb,0.30820586714676224,0.019855073735728257,236.34849305600858,0.0,False
22357,ets_tsb,3.9444863635053307,3.9444863635053307,80.96747617258363,0.0,False
22358,ets_tsb,0.7959883943273732,-0.7508735715501543,33.56795142069597,0.0,False
22359,ets_tsb,4.275488361686176,4.275488361686176,62.06676118079463,0.0,False
22360,random_forest,0.9057552404099185,0.8794729633351088,60.29186454459892,0.625,False
22361,ets_tsb,0.6795159364987426,-0.051083533379461366,33.3464322487745,0.0,False
22362,benchmark,0.4711911860440477,0.009459067984689307,10.011971104231165,0.0,False
22363,benchmark,0.5148150321690321,0.31968446277880463,7.333333333333333,0.0,False
22364,ets_tsb,1.4635184419011715,1.4635184419011715,60.34434723499817,0.0,False
22365,ets_tsb,1.33891365770964,0.6063487177360933,82.26202222250755,0.0,False
22366,ets_tsb,0.9276342187241774,0.3512215700007409,60.004101369258784,0.0,False
22367,random_forest,0.3617304837513396,0.28902248893195875,96.40519915402058,0.2857142857142857,False
22371,benchmark,0.33548436537650805,-0.18075246466373418,27.333333333333332,0.0,False
22372,benchmark,0.4570705151504279,0.10614252056655056,9.833333333333334,0.0,False
22374,random_forest,0.4268659045280067,-0.06842600276436199,20.419875588146418,0.3333333333333333,False
22375,random_forest,0.41708901347623684,-0.20451401524632362,11.565503565878567,0.3333333333333333,False
22376,random_forest,0.46277117383067873,-0.008205152370101393,10.021502254689755,0.3333333333333333,False
22377,random_forest,2.063275819938015,1.9425622713606892,121.37390363340364,0.2857142857142857,False
22378,benchmark,1.727142181244033,1.5680486969739906,84.57142857142857,0.0,False
22379,random_forest,0.45831932625180827,0.2830894117288828,247.25787641657283,0.2857142857142857,False
22380,random_forest,0.74878925547135,0.7107483230719825,64.0820568918321,0.2857142857142857,False
22381,ets_tsb,0.5675128706286295,0.09651485666713235,162.39251485933238,0.0,False
22382,benchmark,0.2510702949008688,-0.06697182583144749,225.76190476190476,0.0,False
22383,benchmark,0.2661915960882234,0.14850453145374629,262.8095238095238,0.0,False
22384,benchmark,0.3183071781930617,0.08344317780200892,238.7619047619048,0.0,False
22385,random_forest,0.30874224151658175,0.012527142751751262,216.0504392849214,0.2857142857142857,False
22386,benchmark,0.23766308249574958,-0.06387030903054543,467.09523809523813,0.0,False
22389,benchmark,1.7721559998860692,1.3437790989380325,32.08333333333333,0.0,False
22390,random_forest,3.051868522370425,2.727746335064948,36.507059794372296,0.625,False
22391,benchmark,1.039872408293461,0.16746411483253587,12.333333333333334,0.0,False
22393,ets_tsb,0.880914235735502,0.5016217997378444,26.00194241113931,0.0,False
22394,benchmark,3.3859357696567,3.3859357696567,33.166666666666664,0.0,False
22395,benchmark,0.7676767676767676,-0.5656565656565656,25.333333333333332,0.0,False
22396,ets_tsb,0.40397731908892026,-0.2570695268501998,44.04350432173702,0.0,False
22398,benchmark,0.5425445109922507,-0.41897905138222286,173.93333333333334,0.0,False
22399,ets_tsb,1.6702386930792543,0.47023869307925403,91.14589959568902,0.0,False
22400,ets_tsb,0.6125583669723393,-0.5103529720320769,121.6907396767047,0.0,False
22402,ets_tsb,0.47305660644521036,-0.3235179108098808,101.17102611813809,0.0,False
22403,ets_tsb,0.552639536155092,-0.4289682298860746,78.54006200719604,0.0,False
22405,ets_tsb,1.0,-1.0,23.26666666666667,0.0,False
22406,ets_tsb,9.595106525350058,9.595106525350058,112.95818329125386,0.0,False
22407,benchmark,3.2666666666666666,2.7333333333333334,16.333333333333332,0.0,False
22408,benchmark,2.244928820285476,1.3280663653361615,22.73919577099806,0.0,False
22409,ets_tsb,5.710645857942166,5.710645857942166,80.56076285146054,0.0,False
22410,ets_tsb,1.0,-1.0,20.6,0.0,False
22411,ets_tsb,0.38923389316982515,-0.03600657967048985,418.21925923497935,0.0,False
22412,random_forest,0.5266673646883747,0.4980514425312137,37.81196784465535,0.3333333333333333,False
22413,benchmark,0.6087056701687377,-0.12760789337810433,191.47769528864177,0.0,False
22414,ets_tsb,3.086443341793491,2.682877082603792,49.09962189602743,0.0,False
22416,benchmark,1.5057370215872299,1.464641131176271,46.888888888888886,0.0,False
22417,random_forest,0.4775921208102618,0.4134510550846754,302.4233006286041,0.2857142857142857,False
22418,ets_tsb,0.3558382997840883,-0.16715808674686647,228.44444349573715,0.0,False
22419,ets_tsb,0.42044194746109526,0.06672117804809938,146.4819401296096,0.0,False
22420,benchmark,0.286343765615871,-0.25620167800031135,41.0,0.0,False
22421,xgboost,0.43166281501230747,-0.15710945791316136,146.93886650933158,0.6666666666666666,False
22422,ets_tsb,0.7994286501164147,-0.5963664560678678,141.05327474614543,0.0,False
22423,ets_tsb,0.28215464612980173,0.165232518896403,236.25675547024957,0.0,False
22424,ets_tsb,0.2900702493988868,0.01662851919613258,19.93101218048437,0.0,False
22425,benchmark,0.21450557492789182,-0.0422209307331353,7.0,0.0,False
22426,benchmark,0.24718502203060194,0.24718502203060194,10.75,0.0,False
22427,ets_tsb,0.8571820623626865,0.8479473362097714,98.3177268504891,0.0,False
22428,random_forest,0.38875392829371036,0.2206286459161056,7.380517827080327,0.5,False
22429,ets_tsb,0.46632791133173157,0.3082648446207139,39.27292603912106,0.0,False
22430,benchmark,0.2778863907896166,0.1157543173672206,7.5555555555555545,0.0,False
22431,benchmark,0.5456799726630964,-0.015935566854254346,70.87306501547987,0.0,False
22432,benchmark,0.49229787261332114,0.1889565033115741,39.88888888888889,0.0,False
22434,ets_tsb,0.7800703906778147,0.6501595040847787,38.495843653075816,0.0,False
22435,benchmark,0.7764312191654977,0.7472585288836319,184.75000000000003,0.0,False
22436,benchmark,0.2438706363737248,0.011200790808277225,42.66666666666667,0.0,False
22437,ets_tsb,0.5089858307063129,0.43134263446057997,119.76582859939461,0.0,False
22438,ets_tsb,1.3286336610665843,0.6900442592076604,68.14354326396067,0.0,False
22439,random_forest,0.7283061935987177,0.45644961697921893,95.24421741221742,0.5,False
22440,benchmark,1.1422966600098081,0.7901559329192682,149.41666666666669,0.0,False
22441,benchmark,0.6489485450238848,0.12106348093482415,47.90880878667256,0.0,False
22442,ets_tsb,13.333359989925912,13.333359989925912,40.00007996977774,0.0,False
22443,ets_tsb,0.9238096433281112,-0.9238096433281112,8.314286789953,0.0,False
22445,ets_tsb,1.3382657899814447,0.5218339672589635,35.93272568364943,0.0,False
22446,benchmark,0.7792596721805118,-0.3084800111635627,31.26666666666667,0.0,False
22447,benchmark,3.0345238095238094,2.901190476190476,8.6,0.0,False
22448,ets_tsb,1.7253309460401964,1.7070853061205242,23.61109062304292,0.0,False
22449,ets_tsb,0.8843819336391716,-0.3557803654397604,44.71985170074035,0.0,False
22450,benchmark,2.375,2.3388746803069056,25.333333333333332,0.0,False
22452,ets_tsb,0.7065432206091822,-0.45692831750739027,38.14801236678041,0.0,False
22453,ets_tsb,0.7446804919203287,-0.15111276256799996,14.532556281052237,0.0,False
22454,benchmark,24.5811004784689,24.5811004784689,124.08333333333334,0.0,False
22456,ets_tsb,0.5497728613351696,0.48788660430560693,73.43992143284065,0.0,False
22457,xgboost,0.14255115318164105,0.06304728025133227,97.67245279947916,0.4,False
22460,random_forest,0.383597253425871,-0.002221297746363793,76.35632386964883,0.4,False
22461,ets_tsb,1.0468721700042507,-0.5896059533621802,33.48680542868448,0.0,False
22464,random_forest,0.33700009686883137,0.2258463659947826,78.29099241929097,0.4,False
22465,benchmark,0.4646212433268129,0.37905307670109945,63.967120251609416,0.0,False
22466,xgboost,0.5031428607515214,-0.26100390208167784,101.85693562825521,0.4,False
22467,ets_tsb,0.3853132997792378,-0.21245631425374129,269.8675508698883,0.0,False
22468,ets_tsb,0.6453460373528073,-0.0879943955137468,26.32248616407374,0.0,False
22469,ets_tsb,0.4922569464532723,0.036799278615932275,662.8097281986574,0.0,False
22470,ets_tsb,0.5874878095608433,-0.18187154401198827,496.71088811256686,0.0,False
22471,benchmark,0.9263795692006006,0.31984404203817757,28.222222222222218,0.0,False
22472,ets_tsb,0.9877553668567394,-0.9877553668567394,15.114287567997177,0.0,False
22473,benchmark,2.267972594699535,2.164739943112556,16.26666666666667,0.0,False
22474,ets_tsb,2.1959997621673724,0.5959997621673722,26.37333174778248,0.0,False
22475,benchmark,1.4955132090038334,0.9595384757528611,28.89623667010664,0.0,False
22476,ets_tsb,0.9363694977541407,-0.9363694977541407,61.09239578289972,0.0,False
22477,benchmark,0.8473532489182043,0.4210424925191778,25.733333333333338,0.0,False
22478,benchmark,0.5962315566340334,0.1585962123113826,34.2,0.0,False
22479,benchmark,1.4758985242970686,0.8705418074744269,31.800000000000004,0.0,False
22480,ets_tsb,2.0970157848272666,2.0970157848272666,76.19157351539069,0.0,False
22481,ets_tsb,0.377756357557668,-0.002600601175298478,26.061062844641537,0.0,False
22483,ets_tsb,0.7885170843851038,-0.18735621276524336,46.15689828057816,0.0,False
22485,xgboost,0.43515599399974614,-0.013254860565178116,18.083519330705915,0.4,False
22487,random_forest,0.24623652706256563,0.010499538194864433,13.17351028138528,0.4,False
22488,ets_tsb,0.3598491810904202,-0.1721147221700703,94.03897047092559,0.0,False
22489,random_forest,0.23593720946996166,0.16599730117170147,185.26135357142857,0.8,False
22491,ets_tsb,0.7227914736529981,0.6083696960841445,179.06892401931398,0.0,False
22492,random_forest,0.36484984934810205,0.021737322934926157,870.2730924523008,0.6666666666666666,False
22493,xgboost,0.6191294765049288,0.23724481173632497,127.31103600396051,0.6666666666666666,False
22494,xgboost,0.7647615309711694,0.6266540429914568,57.06131907871791,0.2857142857142857,False
22495,ets_tsb,1.1867649047659288,-0.3578579150771422,19.34363645112586,0.0,False
22496,ets_tsb,0.9658969688616905,-0.9658969688616905,18.017800969857976,0.0,False
22497,ets_tsb,2.2532151743384405,2.2532151743384405,25.352062836231017,0.0,False
22498,ets_tsb,0.8987579866710957,-0.27672026565311725,21.293262381438677,0.0,False
22499,benchmark,0.9469835146123909,0.4131827733932321,62.0,0.0,False
22500,ets_tsb,1.0288525846670562,0.7004016997553073,13.93337288550113,0.0,False
22501,benchmark,1.1600989736070382,1.1600989736070382,39.5,0.0,False
22504,benchmark,2.3823529411764706,2.0294117647058822,27.0,0.0,False
22505,ets_tsb,0.9680414460637048,0.5527032304945314,75.47136405589053,0.0,False
22507,ets_tsb,0.9257512546957953,0.16575633764746395,174.9508622929323,0.0,False
22508,ets_tsb,0.7711588832865278,-0.45387366591547984,196.92323096974692,0.0,False
22509,benchmark,0.6615690810737249,0.036008036285044634,10.10750405425328,0.0,False
22510,benchmark,0.5135566188197767,0.5135566188197767,7.333333333333334,0.0,False
22511,benchmark,1.8123689727463312,1.7180293501048218,10.833333333333332,0.0,False
22512,benchmark,5.626031746031746,5.572698412698413,25.933333333333337,0.0,False
22513,benchmark,3.82983611918486,3.1712810480816698,35.382484434456394,0.0,False
22514,benchmark,1.4546777384026923,1.2690037974527564,11.602105263157895,0.0,False
22515,benchmark,2.038503261826275,1.3291735058504925,13.332576539387684,0.0,False
22516,benchmark,2.5555555555555554,2.5555555555555554,15.333333333333334,0.0,False
22517,benchmark,1.5085237603813455,0.1781429062853211,9.665221878224974,0.0,False
22522,benchmark,2.144016009916721,2.144016009916721,68.13333333333334,0.0,False
22523,benchmark,1.7453466686160184,1.60179770332353,57.475087719298244,0.0,False
22526,ets_tsb,1.0,-1.0,5.999999999999999,0.0,False
22529,ets_tsb,0.9860206163968271,-0.9142653969650031,99.37009703975562,0.0,False
22530,random_forest,0.9393749291280138,0.5211282683551215,243.87243204665702,0.4,False
22531,ets_tsb,0.9337364871633256,0.6329750250173648,182.77694200107496,0.0,False
22532,random_forest,0.8326848323584702,0.3393037254828744,112.87459752654752,0.4,False
22533,ets_tsb,1.161875294836994,1.1366682598913411,120.93985699953298,0.0,False
22534,random_forest,0.930365832921366,0.5740437687341686,316.67353463203466,0.4,False
22535,random_forest,0.404509601063426,-0.0634717856336615,84.41314017556518,0.4,False
22536,ets_tsb,1.2979221896391504,1.2979221896391504,291.3189250085917,0.0,False
22537,benchmark,0.7390550005550005,0.7390550005550005,107.0,0.0,False
22538,benchmark,7.225428706984333,7.124187391908431,93.6935527260145,0.0,False
22539,random_forest,0.38380665627051325,0.17795767926141942,67.91888593073597,0.4,False
22540,ets_tsb,1.728937468612775,1.728937468612775,202.54270442321746,0.0,False
22541,benchmark,1.726523102085321,1.6478048854360698,47.111111111111114,0.0,False
22543,benchmark,1.454591926208756,0.7950681342452182,106.6,0.0,False
22544,ets_tsb,0.5676648819098761,0.482889670646805,138.25194858393473,0.0,False
22545,ets_tsb,1.0,-1.0,110.93333333333332,0.0,False
22546,benchmark,1.476021125791504,0.9522900573214116,130.5541520467836,0.0,False
22547,ets_tsb,0.9672209889517515,0.25801004317718457,47.961229883318694,0.0,False
22548,random_forest,0.5969328513890451,-0.40978792624826976,145.89770902477153,0.5,False
22549,benchmark,0.5996584020492153,0.5996584020492153,109.13333333333335,0.0,False
22550,benchmark,0.40193743328219933,0.09981983129024381,32.8,0.0,False
22551,ets_tsb,0.26103855457251046,0.07827292948118095,177.354807389855,0.0,False
22553,benchmark,0.17960825282895967,0.11170820984717889,77.66666666666667,0.0,False
22554,benchmark,0.3148430926072945,-0.01264306336920743,215.2,0.0,False
22555,ets_tsb,0.3861731120604987,0.20890970862370167,171.30306233938936,0.0,False
22556,ets_tsb,0.35274113334548496,0.3194288180289847,165.5658377322947,0.0,False
22557,random_forest,0.4023900404954371,0.34986242153198266,149.38956973026973,0.4,False
22558,benchmark,1.4657439446366782,0.36678200692041524,706.0,0.0,False
22559,ets_tsb,1.4829190229114455,0.6829190229114456,26.82697938863671,0.0,False
22560,benchmark,0.16071633916065206,-0.07107685599234118,108.13333333333335,0.0,False
22561,benchmark,0.41117128465086605,-0.010170942470022589,227.49176470588236,0.0,False
22562,random_forest,0.6694773135104541,0.6052595501327942,90.0951492821993,0.4,False
22563,ets_tsb,0.3372788776808884,0.257039405675901,65.02107182670846,0.0,False
22564,ets_tsb,0.7443976961953302,-0.3183925843623034,177.77894558126704,0.0,False
22565,random_forest,0.589004325830845,0.589004325830845,42.36541317293817,0.4,False
22566,ets_tsb,1.5645993541767964,0.9513275818944417,82.8139665577999,0.0,False
22567,benchmark,2.1185747354001543,2.1185747354001543,266.5333333333333,0.0,False
22568,random_forest,0.46739550486815507,-0.2662125334991961,145.48064013949016,0.4,False
22569,random_forest,0.3458514109323656,-0.21132194643316315,89.79414041205706,0.6666666666666666,False
22570,random_forest,0.4773941227280271,-0.05082327909923412,116.16161142676768,0.5,False
22577,benchmark,0.6876627989580867,-0.6876627989580867,1936.0,0.0,False
22582,xgboost,0.733164645068961,0.2057348074201657,75.24645016090543,0.4,False
22583,ets_tsb,0.3495039514460424,-0.29017154702117814,15.093579879489813,0.0,False
22584,benchmark,0.3185166118497965,0.23675405412330192,54.6,0.0,False
22585,ets_tsb,0.6048857245815034,-0.5323275597826645,341.79999909053197,0.0,False
22586,random_forest,0.5389442083569348,0.5389442083569348,39.150902279202285,0.4,False
22587,random_forest,1.168133458920814,1.0674088212396549,45.52972598605099,0.4,False
22595,benchmark,0.550522455739127,-0.15931154134300698,664.847619047619,0.0,False
22597,benchmark,0.391304347826087,-0.391304347826087,285.0,0.0,False
22602,ets_tsb,1.0,-1.0,318.6666666666667,0.0,False
22604,ets_tsb,0.7911323032560925,0.7911323032560925,53.53328585366226,0.0,False
22605,benchmark,0.3196176739932489,-0.28922791535006565,15.588658226448475,0.0,False
22606,benchmark,1.2366042600637073,0.7151399952533055,11.590573553982995,0.0,False
22607,benchmark,0.25,-0.13709677419354838,10.333333333333334,0.0,False
22608,benchmark,0.86580072130382,-0.7858460820482814,498.8549303554494,0.0,False
22609,benchmark,0.8041769746996072,-0.7556245332036964,517.2227218099562,0.0,False
22610,ets_tsb,0.6218727415736464,-0.5600298887460889,663.5779674866483,0.0,False
22611,benchmark,,,,0.0,True
22613,xgboost,0.7280285460598845,0.6290137263460215,54.58362706502279,0.6666666666666666,False
22614,random_forest,0.40558955903962807,-0.17321322820263974,137.4532546119458,0.6666666666666666,False
22615,ets_tsb,0.552266879605468,0.2402286381541694,83.77639569695877,0.0,False
22616,ets_tsb,0.3703274970695287,0.11567099590565721,680.9861875822163,0.0,False
22617,ets_tsb,0.8980662838309381,-0.8980662838309381,185.46251320151964,0.0,False
22619,benchmark,0.16416010392840394,0.08895119027937888,45.88888888888889,0.0,False
22620,ets_tsb,0.4048798104215365,0.06508414218120433,163.46101358677433,0.0,False
22621,ets_tsb,0.4520253417035038,-0.3969998177354214,359.6000570505701,0.0,False
22622,ets_tsb,0.5713075756529228,0.026954786734039865,68.5465842705627,0.0,False
22623,ets_tsb,0.492499565912861,-0.2135880022331161,60.43173205374725,0.0,False
22624,random_forest,0.18614700395057868,0.10610487651508631,36.2022471340388,0.6666666666666666,False
22625,ets_tsb,0.20536540911788959,-0.011052415899124942,27.83118338767189,0.0,False
22626,random_forest,0.32821304001220813,0.16868997035179542,11.823621723184223,0.5,False
22627,random_forest,0.21629389082059405,0.10975329859804032,19.190859126984122,0.6666666666666666,False
22628,benchmark,1.0625,0.875,34.0,0.0,False
22629,ets_tsb,0.4601412310730553,0.2895786227966307,435.6003654158257,0.0,False
22630,ets_tsb,0.613432514484986,0.613432514484986,407.9326221325157,0.0,False
22631,benchmark,0.7006932886936451,0.4643286452466952,226.83333333333331,0.0,False
22634,ets_tsb,0.5376264127367052,-0.5376264127367052,34.3946269829587,0.0,False
22635,ets_tsb,1.5665224006930247,1.0169827764337456,51.19288791283285,0.0,False
22636,ets_tsb,0.9167026376976352,-0.9167026376976352,40.138929274101585,0.0,False
22637,ets_tsb,0.6312803802971423,-0.5722375774170394,289.67985491712045,0.0,False
22639,ets_tsb,0.6063832004378548,-0.6063832004378548,57.000020841158346,0.0,False
22640,benchmark,0.49734208880550346,0.42292057535959976,7.666666666666666,0.0,False
22644,ets_tsb,0.8080650127452188,-0.7216081782329887,147.7682511978553,0.0,False
22645,ets_tsb,0.6684882216910885,-0.6684882216910885,124.53516603673468,0.0,False
22646,ets_tsb,0.5668328963156296,-0.555807844040078,241.97859720742733,0.0,False
22647,benchmark,2.2510914844188092,1.955990146599375,37.666666666666664,0.0,False
22649,ets_tsb,0.8930268360670675,-0.8930268360670675,35.74469409502263,0.0,False
22650,ets_tsb,0.5172733179637637,-0.4411140685862432,47.16399679550536,0.0,False
22651,ets_tsb,0.6088984262327324,0.17839019395243427,95.80001906061655,0.0,False
22653,ets_tsb,0.3251101378228079,-0.3251101378228079,74.66696165330488,0.0,False
22654,ets_tsb,0.5227514487318811,-0.21690299484429199,51.5781429415456,0.0,False
22659,benchmark,0.5788163278626535,0.39574664967687184,381.66666666666663,0.0,False
22660,benchmark,0.42673964436221606,-0.056403535820742104,22.833333333333332,0.0,False
22661,ets_tsb,0.4531101134922091,0.4392908538033795,153.00018165586928,0.0,False
22662,benchmark,0.4703344120819849,0.4703344120819849,145.33333333333334,0.0,False
22663,benchmark,0.5334645669291339,0.5334645669291339,90.33333333333333,0.0,False
22664,ets_tsb,0.9161247568898591,-0.9161247568898591,65.65560757710657,0.0,False
22666,benchmark,0.4792329345531316,0.06232934553131599,324.2809523809524,0.0,False
22667,ets_tsb,0.36790476206025546,0.18085714332362363,85.84444448072628,0.0,False
22668,benchmark,1.5733333333333333,1.5733333333333333,118.0,0.0,False
22669,ets_tsb,0.865064500288978,-0.865064500288978,69.20516002311824,0.0,False
22690,ets_tsb,1.0794997314503978,0.7694516070684426,88.64993796519325,0.0,False
22691,benchmark,0.9255376344086022,-0.06586021505376344,35.33333333333333,0.0,False
22692,benchmark,0.8826271767448237,0.054401480872069086,106.62745098039215,0.0,False
22694,ets_tsb,0.6888111851466842,-0.08741259840610144,196.99999895195165,0.0,False
22696,ets_tsb,0.5445544414296009,0.5445544414296009,54.99999858438969,0.0,False
22701,benchmark,0.36974219810040704,0.008141112618724564,10.333333333333332,0.0,False
22702,benchmark,9.896491228070175,9.896491228070175,52.5,0.0,False
22703,benchmark,0.4869352869352869,-0.4869352869352869,28.0,0.0,False
22704,ets_tsb,0.2324878684556415,0.08156064040735578,93.31774599132514,0.0,False
22705,ets_tsb,0.37693308847785456,0.19356790598791493,55.49905170592326,0.0,False
22706,ets_tsb,1.3033395870412006,1.3033395870412006,139.96253278368567,0.0,False
22707,ets_tsb,0.4224841454474677,0.07295028195421942,44.8863435207571,0.0,False
22708,ets_tsb,0.27538046481598294,0.036761831358502736,74.843644058354,0.0,False
22710,benchmark,0.2906100795755968,-0.11151193633952255,136.44444444444446,0.0,False
22711,ets_tsb,0.5035759214983605,0.23929919306651004,114.21118992909958,0.0,False
22712,benchmark,0.7805127772714138,0.2946031466276337,326.4444444444444,0.0,False
22713,benchmark,0.5302281563950176,0.5018966194782948,157.7777777777778,0.0,False
22714,random_forest,0.49297167394378993,0.06690647270295692,144.6351781305115,0.6666666666666666,False
22715,ets_tsb,1.2171136272847463,0.8927201921990658,105.88888557377292,0.0,False
22716,ets_tsb,0.5466576738661462,0.45321972040372044,107.22153004637946,0.0,False
22717,ets_tsb,1.1547495619315402,1.1547495619315402,70.08537575726558,0.0,False
22718,ets_tsb,0.7496910428484798,0.6101637442167497,65.73888780298651,0.0,False
35001G,ets_tsb,1.185927202581078,1.0860371359987633,13.738893439591159,0.0,False
35004B,random_forest,0.7577519484963431,0.4781265465143531,27.917070167390484,0.25,False
35004G,benchmark,2.6411658338055743,1.7493777330622116,28.93333333333333,0.0,False
35095A,random_forest,0.6116542708961076,-0.093379721551344,37.72304444253663,0.25,False
35095B,benchmark,0.6212851244529762,0.18356950792611829,32.79166666666667,0.0,False
35241,ets_tsb,1.7161290222802683,1.7161290222802683,17.733333230229437,0.0,False
35471D,ets_tsb,0.7134158917817166,-0.3949930832059366,130.03354764237616,0.0,False
35598D,benchmark,0.9255440109815974,0.711513909504079,86.74999999999999,0.0,False
35637A,benchmark,0.7107134251623114,0.46362451559481827,26.555555555555554,0.0,False
35648,benchmark,0.9852295675948147,-0.5981235620677566,89.34629968675777,0.0,False
35653,benchmark,0.6774448841153193,-0.6610514414923686,30.166666666666664,0.0,False
35809A,ets_tsb,0.6087778684022518,-0.45747474150043904,59.70210913183903,0.0,False
35810A,ets_tsb,0.7682237689777719,-0.07397725290377162,53.968243931762714,0.0,False
35810B,benchmark,0.7970588235294117,0.1248366013071895,19.88888888888889,0.0,False
35911A,benchmark,,,,0.0,True
35916A,benchmark,0.9571428571428572,-0.38571428571428573,22.333333333333332,0.0,False
35923,benchmark,0.869400517410939,-0.8243977422847346,137.1904761904762,0.0,False
35924,ets_tsb,0.9402239813329738,0.9310336239617214,38.74348229382525,0.0,False
35961,ets_tsb,0.973305159779841,0.936895383989699,234.32524638246332,0.0,False
35965,ets_tsb,0.7489823375919359,-0.4347259816940297,40.570456858401705,0.0,False
35967,benchmark,0.3887978193188683,0.14681499329587713,12.888888888888888,0.0,False
35968,benchmark,0.7234680428073201,0.4552332281323968,20.666666666666664,0.0,False
35970,benchmark,0.6678237688193293,0.2026386604142851,343.2777777777778,0.0,False
35971,ets_tsb,3.4075793115190143,3.3575210165368383,72.17297009860513,0.0,False
35972,benchmark,2.8777113237639553,2.342989101541733,32.083333333333336,0.0,False
37340,ets_tsb,0.6468960318718201,0.527182857899366,148.92452141084428,0.0,False
37342,benchmark,1.0892250981144278,-0.699108211209325,158.4679065864914,0.0,False
37370,ets_tsb,1.0283751435257367,1.0283751435257367,450.42831286427264,0.0,False
37444A,benchmark,0.64,-0.48,5.333333333333333,0.0,False
37446,benchmark,2.456193843685769,1.9035926370936678,225.2,0.0,False
37447,ets_tsb,1.0667720257576316,0.8116000610752054,52.37403362092515,0.0,False
37448,ets_tsb,0.5177904617756508,0.09451796691773431,39.90424902146292,0.0,False
37449,ets_tsb,1.8296391421205402,0.7771226166722724,54.46064209912681,0.0,False
37450,xgboost,1.1875567471495043,1.1237039255782648,52.368915875752776,0.25,False
37467,benchmark,0.9102564102564102,-0.9102564102564102,23.666666666666668,0.0,False
37475,benchmark,1.020819525495016,0.3193648438337468,4.924360853043024,0.0,False
37476,benchmark,0.9952041422629657,-0.3565486800780919,6.555555555555556,0.0,False
37495,ets_tsb,0.7326032622160696,0.015652191492569245,24.873566554094424,0.0,False
37500,ets_tsb,1.0157562756762464,0.6282521490376686,20.716305215459904,0.0,False
37501,xgboost,3.88543044424296,3.761921672313136,62.27792644500733,0.5,False
40001,ets_tsb,0.7709725283484821,0.6072331713214797,56.4695337568583,0.0,False
40003,ets_tsb,1.2124110247423936,0.5114754984696053,40.211785920770794,0.0,False
40016,benchmark,3.1356610262303852,3.1356610262303852,576.1111111111112,0.0,False
44234,benchmark,1.2790143084260732,1.1857445680975092,17.833333333333336,0.0,False
46000M,ets_tsb,0.4167439696775249,-0.07833387772018839,64.61791386577592,0.0,False
46000R,benchmark,0.8876876876876878,0.6906906906906907,12.666666666666666,0.0,False
46000S,benchmark,0.5517284281742421,-0.30538980130048443,140.92426470588234,0.0,False
46000U,benchmark,1.2796275378996944,0.26734467035946635,12.309880495091765,0.0,False
46118,benchmark,0.8017508771185241,-0.8017508771185241,26.0,0.0,False
46775D,benchmark,0.872624771062271,0.09334987928737928,4.416666666666666,0.0,False
46776A,xgboost,0.6463444751919499,-0.5768722087908318,10.665150865912437,0.25,False
46776B,random_forest,0.580394711950787,-0.49516566929205674,9.829923300368613,0.25,False
46776C,benchmark,0.6569380440348183,-0.561699948796723,9.777777777777777,0.0,False
46776D,benchmark,0.9444444444444444,0.16666666666666666,3.6666666666666665,0.0,False
46776E,benchmark,0.6043975728704793,-0.5018929346515553,4.857142857142857,0.0,False
46776F,random_forest,0.6699494040510777,-0.47390800817951917,14.68977762341825,0.25,False
47021G,ets_tsb,0.9467985861265028,-0.89710722835268,157.3465277300892,0.0,False
47310M,ets_tsb,0.6667435730970196,-0.009607602426000866,19.306112692702765,0.0,False
47367B,benchmark,0.4430934532733633,0.04610694652673663,4.333333333333333,0.0,False
47421,benchmark,,,,0.0,True
47422,random_forest,1.2663613817087922,0.5538051562919024,47.19840365961199,0.6666666666666666,False
47471,benchmark,1.0254803675856308,0.2585630743525481,10.833333333333334,0.0,False
47480,ets_tsb,1.2581062341002118,1.0093636809241326,41.13732318869222,0.0,False
47481,benchmark,3.068421052631579,2.3,17.166666666666664,0.0,False
47503A,random_forest,3.2915373929428604,1.5740243013481166,404.7389431216932,0.8571428571428571,False
47503H,benchmark,4.5625,4.3125,8.166666666666668,0.0,False
47504H,ets_tsb,0.8346255783350436,-0.3913376847492811,65.61694713824876,0.0,False
47504K,ets_tsb,0.9699340345043007,-0.05138983589484557,199.04386575824557,0.0,False
47559B,xgboost,1.115865629753979,0.7817455343755428,123.38975620269775,0.25,False
47563A,benchmark,0.7923586970637003,-0.7696570085083532,21.652371907364508,0.0,False
47566,benchmark,0.5523461442637614,-0.26698297165024043,995.8314089688298,0.0,False
47566B,benchmark,8.151549927057642,7.835523374188985,548.9333333333333,0.0,False
47567B,ets_tsb,2.035579218225989,2.035579218225989,59.12018707113013,0.0,False
47570B,benchmark,,,,0.0,True
47574A,benchmark,,,,0.0,True
47578A,benchmark,0.6242952554427964,-0.5671523982999394,18.444444444444443,0.0,False
47580,ets_tsb,1.9547483106846228,1.6836724819563307,35.67034553840603,0.0,False
47585A,xgboost,2.231736530948101,1.9175127366027211,35.88771831989288,0.25,False
47590A,benchmark,0.9681596192067036,0.807824740651486,167.16666666666666,0.0,False
47590B,ets_tsb,0.6285223999582308,0.27004011200647204,105.21146014656955,0.0,False
47591D,xgboost,0.6131937298940127,0.5621389392239176,134.92097250620526,0.25,False
47593B,random_forest,0.7243502777446453,-0.12233528011379524,135.61796045673756,0.25,False
47594A,benchmark,3.0888888888888886,3.0888888888888886,19.5,0.0,False
47594B,benchmark,5.606575963718821,5.606575963718821,15.380952380952381,0.0,False
47599A,benchmark,2.226273464050842,2.075975376138075,201.4,0.0,False
47599B,ets_tsb,0.7070111034351888,0.6088843436094188,68.21667861378312,0.0,False
48111,ets_tsb,1.521542296514257,0.31530439699705876,130.81551179663987,0.0,False
48116,ets_tsb,1.3191612957556593,0.5362585173459858,128.93892130739204,0.0,False
48129,ets_tsb,1.1403618710042585,0.4765640355540503,78.95228538091334,0.0,False
48138,ets_tsb,0.8037145987049319,0.4186414745271277,231.84473973718343,0.0,False
48173C,random_forest,0.8341824977315975,0.08888507336522403,143.22869820399507,0.25,False
48184,ets_tsb,0.6227502997108489,0.28158567034567883,109.25442320891071,0.0,False
48185,ets_tsb,1.008391600047123,0.3841194231783798,198.03292044489112,0.0,False
48187,ets_tsb,0.6219274512110703,-0.07020255036144812,216.48438980714423,0.0,False
48188,xgboost,0.707384427776072,0.04987809717802317,142.22477340698242,0.25,False
48194,random_forest,0.7127800105339241,-0.004497194389129197,222.43099015336514,0.25,False
51008,benchmark,39.018127705627705,39.018127705627705,408.22222222222223,0.0,False
51014A,ets_tsb,0.6568438357669149,-0.11820082874815302,245.3112503192679,0.0,False
51014C,ets_tsb,0.5290682715753188,-0.32210504101014525,141.65723048570067,0.0,False
51014L,benchmark,0.8168597064732843,0.03774187467085899,129.66666666666669,0.0,False
62018,benchmark,0.5882962480740849,0.26359521496149746,223.125,0.0,False
70006,benchmark,2.1164299451913218,1.4248210102400658,90.66666666666667,0.0,False
70007,benchmark,0.9885142266134986,-0.006306822719092042,60.4,0.0,False
71038,benchmark,1.2788503163503164,0.9325299700299701,36.333333333333336,0.0,False
71053,ets_tsb,0.5649546448417428,0.4748482477493546,74.55195072913445,0.0,False
71101E,benchmark,0.49152537109496314,-0.0016042959586838785,23.625985963604748,0.0,False
71143,benchmark,0.8536585365853658,-0.4878048780487805,46.666666666666664,0.0,False
71270,benchmark,0.8836047789175279,-0.1953740858478299,19.554369440083725,0.0,False
71279,ets_tsb,0.5335673631498044,-0.23197642209014932,8.568518465564749,0.0,False
71403,benchmark,0.8762265512265512,0.6313852813852814,4.0,0.0,False
71406C,benchmark,,,,0.0,True
71459,ets_tsb,0.5650475824418764,0.266080994200277,560.4991747234666,0.0,False
71477,benchmark,0.6982822910417609,0.3644889102755493,401.7222222222222,0.0,False
72122,random_forest,0.706502506865545,-0.03401503163800649,13.929496363011987,0.25,False
72127,benchmark,3.1219806763285027,3.1219806763285027,13.666666666666666,0.0,False
72128,benchmark,1.4603242326590231,0.6772195727851483,28.46666666666666,0.0,False
72130,benchmark,9.596989966555183,9.596989966555183,83.83333333333334,0.0,False
72131,benchmark,4.262554112554112,2.5872294372294373,151.5,0.0,False
72225C,benchmark,1.655335900055001,0.8268976716167729,120.66666666666666,0.0,False
72232,ets_tsb,0.8356744102508905,0.5305222985814528,110.42751785443171,0.0,False
72349B,ets_tsb,2.0665613268385994,1.3526251083720127,60.32371911292168,0.0,False
72351A,ets_tsb,1.8757832846145828,1.8757832846145828,109.52179935846894,0.0,False
72351B,ets_tsb,1.1875334313599315,1.1875334313599315,134.91547597855498,0.0,False
72586,benchmark,2.541478397567949,2.0486542065777638,174.95833333333337,0.0,False
72598,random_forest,1.2882418573787167,0.6907872384397657,45.95170702763672,0.25,False
72741,ets_tsb,0.7555393738814821,0.15898127768983172,306.5960759978385,0.0,False
72760B,benchmark,5.485585407559092,5.485585407559092,125.8,0.0,False
72780,benchmark,0.9876461666603049,0.4408520394804576,11.469790895100713,0.0,False
72799E,benchmark,1.3549364219608229,0.8591734696397311,50.266666666666666,0.0,False
72799F,benchmark,5.483673469387755,5.20204081632653,86.5,0.0,False
72800B,benchmark,2.2811437192031874,0.8344794620159538,21.405880614929398,0.0,False
72800C,benchmark,2.1551191214723393,1.1976415145677561,34.44444444444444,0.0,False
72800D,benchmark,3.4381141002603264,3.4103363224825487,18.859613656783466,0.0,False
72800E,random_forest,1.453833798230036,1.160073208449414,40.282608316741126,0.25,False
72801C,benchmark,,,,0.0,True
72801D,benchmark,,,,0.0,True
72801G,benchmark,47.42058823529412,46.720588235294116,231.5,0.0,False
72801c,benchmark,,,,0.0,True
72801d,benchmark,0.5957633053221287,-0.24037114845938373,2.666666666666667,0.0,False
72802A,benchmark,1.4532162940604936,1.4228343496160494,66.5,0.0,False
72802B,benchmark,0.5394426160426081,0.19694311362931255,41.142857142857146,0.0,False
72802C,benchmark,0.5598695773038144,0.08376582699850463,50.285714285714285,0.0,False
72803A,benchmark,0.8888602000887922,-0.433990990374673,69.83333333333333,0.0,False
72807A,ets_tsb,0.8689629362693794,0.30163016368419554,48.28571411399615,0.0,False
72807B,ets_tsb,0.9401282805541056,0.6411081307896996,55.40691018189951,0.0,False
72807C,ets_tsb,0.6208803034142673,0.23353242276154598,95.40960712650461,0.0,False
72819,xgboost,0.8596663905409784,0.09550089264476513,9.336324564615884,0.5,False
75049L,benchmark,1.0186067374896475,0.13080460391185658,551.7333333333333,0.0,False
75131,ets_tsb,1.1004484638435001,-0.41614339770716746,163.60000495806705,0.0,False
79000,ets_tsb,0.5849109037433884,-0.07237041809596204,318.7281257662247,0.0,False
79030D,benchmark,1.1377349254808002,0.15193028558179072,183.5,0.0,False
79030G,ets_tsb,0.9259889904768386,-0.9145694036226217,284.5604163764407,0.0,False
79051A,benchmark,0.8787878787878788,-0.8114478114478114,87.0,0.0,False
79066K,ets_tsb,0.47387373189610316,-0.10719399229139016,35.15577421832879,0.0,False
79144B,benchmark,0.5384164002898181,0.14577539104121381,12.066666666666668,0.0,False
79144C,benchmark,0.595927423582211,0.19300792959559818,6.666666666666667,0.0,False
79160,benchmark,2.2852913752913753,1.6787489322271931,32.93333333333334,0.0,False
79163,benchmark,0.911260698326138,-0.911260698326138,247.33333333333331,0.0,False
79164,benchmark,1.2287606545845746,0.37784725670307845,506.83333333333337,0.0,False
79190A,ets_tsb,0.6510199972842381,-0.015879947323271637,19.93034268124682,0.0,False
79190B,benchmark,0.5970154927668677,0.5671038811213687,11.25,0.0,False
79190D,ets_tsb,0.6434971883465928,0.487722308357636,11.943540150787072,0.0,False
79191B,random_forest,1.6558358589045323,0.9426963703439639,13.73635009261572,0.625,False
79191C,ets_tsb,0.6513212207634446,-0.2913100430610092,58.07959426754941,0.0,False
79191D,benchmark,0.8461538461538461,0.38461538461538464,3.6666666666666665,0.0,False
79302M,benchmark,0.9931666407397804,-0.43353252095756634,34.93333333333333,0.0,False
79321,random_forest,0.5392554085109615,0.007076842081609136,344.9343298480863,0.25,False
79403,benchmark,,,,0.0,True
82001S,ets_tsb,0.4409260020124348,-0.046596487636056144,58.595049140434234,0.0,False
82011A,benchmark,1.0,1.0,1.3333333333333333,0.0,False
82011B,benchmark,1.3457532051282053,0.577323717948718,8.416666666666668,0.0,False
82011C,benchmark,0.8064516129032258,-0.7419354838709677,8.333333333333334,0.0,False
82482,ets_tsb,0.27705653617069115,-0.17492745318312558,214.01741209408806,0.0,False
82483,ets_tsb,0.631240511689086,0.40037894349199804,77.53613294968436,0.0,False
82484,benchmark,0.8735931876703179,0.5315486074035533,327.09523809523813,0.0,False
82486,ets_tsb,0.25169495963701616,0.04884358108397235,40.43438045540701,0.0,False
82494L,random_forest,0.8912796092825205,0.46923129568437155,280.02900206968957,0.25,False
82551,benchmark,0.45457096087715126,-0.06354925174486745,103.20833333333333,0.0,False
82552,xgboost,0.7736980691976665,0.1879599643497596,159.14302821386428,0.25,False
82567,ets_tsb,0.44227492834993987,-0.1185017104068656,26.217298619304284,0.0,False
82578,ets_tsb,0.5378851202970865,0.21762931214261821,82.05849586813375,0.0,False
82580,ets_tsb,0.4291080995915725,0.3296410620435605,174.38244788068903,0.0,False
82581,ets_tsb,0.40084073622809135,0.25856258337223453,107.30950879346022,0.0,False
82582,benchmark,0.26257739476076636,-0.2233589395275113,96.8,0.0,False
82583,random_forest,0.5020524856994979,-0.25294956725388085,334.8455460714054,0.25,False
82599,ets_tsb,1.3215468539547197,1.3215468539547197,79.73332685526809,0.0,False
82600,random_forest,0.49612575153138194,0.15190909055632917,303.28262591575094,0.25,False
82613A,ets_tsb,0.9915326807376522,-0.9915326807376522,6.949196084425914,0.0,False
82613B,benchmark,2.948543762116195,2.9279187621161946,25.0,0.0,False
82613C,benchmark,1.1564675691401507,0.7467578481871477,14.166666666666666,0.0,False
82613D,benchmark,3.481370253520989,3.481370253520989,29.166666666666668,0.0,False
82616B,benchmark,0.49349876688950706,-0.15004863589641748,27.777777777777782,0.0,False
82616C,benchmark,0.9762670051660877,0.13422155062063318,38.6,0.0,False
84006,random_forest,0.548366285007795,-0.05510470298735171,31.98782225818163,0.25,False
84012,benchmark,0.9737911248020623,0.2735008234089793,65.83333333333333,0.0,False
84029E,benchmark,3.449613761500792,3.368854357697401,226.20833333333334,0.0,False
84029G,benchmark,0.9092686001904555,0.3769673477545644,175.125,0.0,False
84030E,benchmark,0.6277138673386778,-0.31822345125639645,86.55555555555554,0.0,False
84031A,benchmark,2.3427820777433777,1.891890264877881,60.266666666666666,0.0,False
84031B,benchmark,2.2380187747035576,1.6383810935441372,39.66666666666667,0.0,False
84032A,ets_tsb,0.841955815269301,-0.04467305614306316,35.72363931213032,0.0,False
84032B,benchmark,3.7464460376825857,3.581151715665512,142.33333333333331,0.0,False
84050,benchmark,0.9863118073539379,0.9774299002447107,143.43920841063698,0.0,False
84051,benchmark,1.5178775821463915,0.6606505944104126,52.733333333333334,0.0,False
84077,ets_tsb,0.6056333768864525,0.24271657675090563,2439.242156090245,0.0,False
84078A,ets_tsb,0.7215571107832168,0.5989221971269415,17.014927398420152,0.0,False
84086C,benchmark,0.6502828854314003,-0.49238566713814236,12.444444444444443,0.0,False
84199,benchmark,2.256371075459681,1.2831621494192003,18.173656279274702,0.0,False
84212,random_forest,0.6737829995582238,0.2550066596381657,635.5971583954239,0.25,False
84247G,benchmark,1.0955556060686422,0.8809929134596427,35.888888888888886,0.0,False
84247N,benchmark,2.7125,2.148214285714286,5.833333333333333,0.0,False
84251C,benchmark,1.9444444444444444,1.9444444444444444,11.666666666666666,0.0,False
84251G,benchmark,0.616133632623066,0.21138489411473663,10.916666666666668,0.0,False
84279P,random_forest,0.7259605104176319,0.5170706988116922,20.004501980080107,0.25,False
84347,benchmark,1.7183757634185788,1.5566170987895058,2238.5333333333338,0.0,False
84356,benchmark,1.0820445583193707,0.4109683976630215,26.8,0.0,False
84358,benchmark,5.9393939393939394,5.171717171717171,19.666666666666664,0.0,False
84360,benchmark,4.826923076923077,4.826923076923077,16.666666666666664,0.0,False
84375,random_forest,0.4972970109581407,0.22625733716361368,124.5174852930634,0.25,False
84378,random_forest,0.4463076845488124,-0.23138313101708402,206.72944876448787,0.25,False
84380,random_forest,0.3779120444643689,-0.1347081934244395,170.7648364413364,0.25,False
84406B,ets_tsb,1.071749918191259,0.08945106183762638,122.62059904588492,0.0,False
84422,benchmark,6.956815578465063,5.899312714776632,102.16666666666666,0.0,False
84429A,benchmark,0.46153846153846156,-0.46153846153846156,2.0,0.0,False
84459A,benchmark,0.8400345260514752,0.39314187068424356,12.25,0.0,False
84507B,benchmark,30.455594842359552,30.09438657526893,134.33333333333331,0.0,False
84507C,benchmark,3.769437602627258,2.986514778325123,20.916666666666668,0.0,False
84508A,ets_tsb,0.5690272967737152,-0.14796267412498407,112.41158316015131,0.0,False
84508B,random_forest,1.6196534958156037,1.202541196350363,10.747143392730564,0.42857142857142855,False
84508C,benchmark,1.0018788622864736,-0.35638695667548015,13.612239779282667,0.0,False
84509A,random_forest,0.4291247169038511,0.018750325921569187,27.313571608079418,0.25,False
84509B,ets_tsb,1.2370815224192668,0.5651837710170011,13.850198260135924,0.0,False
84509C,ets_tsb,1.0101403232287998,0.8851419327207758,6.345796498117401,0.0,False
84509G,ets_tsb,0.9753424755442843,0.8164383855369625,23.733333571577585,0.0,False
84509c,benchmark,1.0674603174603174,0.4246031746031746,3.5555555555555554,0.0,False
84510A,ets_tsb,0.33147253580957375,-0.07359506907399202,35.13361283949943,0.0,False
84510C,benchmark,0.49536652342662874,0.0048182511483897406,4.25,0.0,False
84510E,benchmark,4.650735294117648,3.5159313725490193,13.777777777777779,0.0,False
84519A,benchmark,0.8550281614784677,0.393629166147196,22.310111989459816,0.0,False
84519B,random_forest,0.6521967260941404,-0.4113363169754618,26.211507713929585,0.25,False
84535B,random_forest,0.4782958096743332,-0.06978633112161448,57.516370185370185,0.25,False
84536A,ets_tsb,0.3414586436477885,-0.15051882249785337,98.44578868647537,0.0,False
84536B,benchmark,0.5613992070141529,-0.3271742608516276,121.29166666666669,0.0,False
84558A,benchmark,2.12361778938679,1.762623577606061,71.06666666666666,0.0,False
84559A,ets_tsb,1.0514729983963909,0.35134223297107736,29.199316341610725,0.0,False
84559B,ets_tsb,1.4636500726622865,0.3207929298051437,42.36458043220715,0.0,False
84563A,ets_tsb,0.7942028924976394,-0.6434782427103098,12.177777684963806,0.0,False
84568,ets_tsb,1.1970531998645813,0.7617422489495813,1225.4046783677045,0.0,False
84569A,benchmark,1.745940170940171,1.335534527201194,23.799999999999997,0.0,False
84569D,ets_tsb,1.254479795569818,1.0057925160168661,27.331519066410337,0.0,False
84580,ets_tsb,0.521792253593915,-0.338319439257736,17.01320930790635,0.0,False
84581,ets_tsb,0.7781055144643669,0.31508361548892544,10.916126897165505,0.0,False
84584,benchmark,0.5914083143268228,-0.2589095339628389,14.222222222222221,0.0,False
84592,benchmark,0.8,0.8,5.0,0.0,False
84595E,benchmark,1.2505774205469329,0.6868159787367104,13.583333333333332,0.0,False
84596B,random_forest,0.4591185556166068,-0.12168719079263252,232.81266455477393,0.25,False
84596F,random_forest,0.5057957029944283,0.008846275081610067,175.9937233640202,0.25,False
84596G,benchmark,0.7102432454119189,-0.6037381785543826,123.18712121212121,0.0,False
84596J,benchmark,0.8503649635036497,-0.8503649635036497,155.33333333333334,0.0,False
84596L,random_forest,0.7508883542758266,0.008014551608129384,129.03001772486772,0.4,False
84597C,benchmark,17.58216616173386,17.58216616173386,34.077419793365955,0.0,False
84598,ets_tsb,11.732195576921399,11.732195576921399,973.3122275986609,0.0,False
84600,benchmark,0.9916033050580331,-0.11844019163203041,5.0041600174103005,0.0,False
84609,benchmark,0.6728406552494415,-0.26777736411020103,16.666666666666664,0.0,False
84625A,benchmark,4.425819780258727,3.71164434073011,61.533185068899364,0.0,False
84625C,benchmark,0.7256764319227317,-0.15092718927448756,24.211182878362546,0.0,False
84637,random_forest,2.8515874263265637,1.651185795487662,38.02227843915344,0.8,False
84638,benchmark,3.434722222222222,2.4057539682539684,30.5,0.0,False
84658,benchmark,1.2015359841446798,0.8224947355382138,7.222222222222222,0.0,False
84659A,xgboost,1.573811499441096,1.180287751558995,18.86481774220613,0.2857142857142857,False
84660B,benchmark,0.9583333333333333,-0.6111111111111112,14.833333333333332,0.0,False
84660C,benchmark,4.2,4.2,7.0,0.0,False
84661A,benchmark,,,,0.0,True
84661B,benchmark,,,,0.0,True
84663A,benchmark,1.106435949222059,-0.6000057573306893,36.857142857142854,0.0,False
84665,benchmark,2.1724137931034484,2.1724137931034484,21.0,0.0,False
84673A,benchmark,2.6714285714285713,2.4544973544973545,44.0,0.0,False
84673B,ets_tsb,0.8642745742271967,0.031497153045857235,16.120997523540527,0.0,False
84674,ets_tsb,1.6937657980956313,1.6937657980956313,12.439100551903168,0.0,False
84687,benchmark,5.727604166666667,4.8720486111111105,48.083333333333336,0.0,False
84688,benchmark,,,,0.0,True
84692,ets_tsb,0.30705252581132647,0.18758772839473534,182.70702050463828,0.0,False
84707A,benchmark,0.5359410430839002,-0.054988662131519296,4.066666666666667,0.0,False
84707B,benchmark,,,,0.0,True
84708B,benchmark,0.6574343054606212,0.05583877623351307,3.277777777777778,0.0,False
84709B,benchmark,,,,0.0,True
84711B,benchmark,0.26666666666666666,-0.26666666666666666,0.5,0.0,False
84712B,benchmark,0.6136363636363636,0.06818181818181818,1.6666666666666665,0.0,False
84748,benchmark,,,,0.0,True
84754,benchmark,1.9106533563055303,1.9106533563055303,156.83333333333331,0.0,False
84755,benchmark,0.3975958881095163,0.31061497018147344,712.8333333333334,0.0,False
84763,benchmark,0.9077809798270894,0.31412103746397696,105.0,0.0,False
84789,benchmark,0.484375,-0.265625,20.666666666666668,0.0,False
84792,ets_tsb,0.6402146924657952,0.24059428882895662,35.561334376390214,0.0,False
84795B,benchmark,0.5753119429590018,-0.34456327985739754,16.666666666666668,0.0,False
84796B,benchmark,0.8668947368421052,0.06289473684210528,31.5,0.0,False
84813,benchmark,0.8077884145182942,-0.36681609496133083,10.833333333333334,0.0,False
84817,random_forest,0.793929754765291,-0.20454666794470414,13.860390772807442,0.8333333333333334,False
84818,random_forest,0.7999263464347915,-0.5995128774862212,122.93159804161887,0.3333333333333333,False
84819,benchmark,1.0379899793692895,0.8901267315060419,5.611111111111111,0.0,False
84820,benchmark,1.1996753246753247,1.1996753246753247,5.666666666666667,0.0,False
84821,xgboost,0.5137691573184491,0.22013088873933942,17.465360436179466,0.625,False
84826,benchmark,1.0120910384068278,-0.9605658289868816,4269.0,0.0,False
84828,benchmark,0.584005165248425,0.4222507282369734,44.70833333333333,0.0,False
84832,benchmark,0.4805129847751314,0.30265154353679674,92.875,0.0,False
84836,ets_tsb,0.8445401454318172,0.14578649917796138,381.0540519629379,0.0,False
84843,random_forest,0.6798835284755103,-0.11182914074644107,10.219097074511136,0.25,False
84847,benchmark,25.72443181818182,25.463068181818183,99.25,0.0,False
84849A,xgboost,1.1035360706333466,0.46396540200650443,13.901258377801806,0.5714285714285714,False
84849B,ets_tsb,7.629176517067871,7.629176517067871,96.72517376988247,0.0,False
84849D,ets_tsb,1.2152570758541297,0.3446495244235844,43.744770527777796,0.0,False
84859A,benchmark,2.315369879162983,1.1076824835445525,30.133333333333333,0.0,False
84879,random_forest,0.41752139582598,0.11465727323885794,1351.3388366639147,0.25,False
84880,ets_tsb,1.5757285707890536,1.1645143376922282,31.08662800507297,0.0,False
84882,benchmark,0.18181818181818182,-0.18181818181818182,0.6666666666666666,0.0,False
84884A,ets_tsb,2.5314213890430732,2.425155393906496,50.20109072607233,0.0,False
84905,benchmark,1.4915848527349227,1.4915848527349227,13.5,0.0,False
84912A,random_forest,0.6473493089403197,0.003890782114934577,21.644460028860028,0.4,False
84912B,random_forest,0.6758837298760194,0.054404402411733624,22.15597753786927,0.625,False
84913A,benchmark,1.4283707047175307,1.293076587070472,41.5,0.0,False
84913B,benchmark,1.7102195496804762,1.6427212828448752,18.545068171133053,0.0,False
84920,benchmark,0.9205286217050922,0.6325734396322631,7.2,0.0,False
84923,random_forest,0.7244818410678966,0.035408760275820184,7.881753697691198,0.6666666666666666,False
84924A,benchmark,1.007905138339921,0.17391304347826086,7.5,0.0,False
84926A,benchmark,0.8865054780306033,-0.7978957099116606,86.5319241351321,0.0,False
84926D,benchmark,0.9854596269991934,-0.25914137043680235,56.11667919966942,0.0,False
84926E,benchmark,1.178419452887538,0.5358662613981762,27.166666666666668,0.0,False
84926F,benchmark,0.8418025939164853,-0.7014517167235027,28.11111111111111,0.0,False
84927A,benchmark,,,,0.0,True
84927F,benchmark,0.6365778216627564,-0.6365778216627564,21.451970946609027,0.0,False
84929,benchmark,1.2831691951451782,1.1913405492197184,106.80338436744562,0.0,False
84931A,ets_tsb,0.427526014900314,-0.019236205320118747,3.6025542725255697,0.0,False
84931B,random_forest,0.7408460756032336,-0.021057430414498812,9.599222679519555,0.25,False
84944,benchmark,0.9878228771877477,-0.9171570922667462,225.55555555555557,0.0,False
84945,random_forest,0.7600461363310713,0.4395349690205015,489.75986184764304,0.625,False
84946,random_forest,0.18077289342324174,-0.06254833867176382,285.0368611267205,0.25,False
84947,benchmark,0.3975095212216084,-0.11435581319604105,283.875,0.0,False
84949,ets_tsb,0.6265153861574417,-0.022671497515019873,205.71222586655585,0.0,False
84950,random_forest,1.2532431408822173,0.925743687390181,190.0431004189676,0.25,False
84951A,ets_tsb,0.6039940851141004,-0.03592902139422083,19.51567930858008,0.0,False
84951B,benchmark,0.8872594185094185,-0.5425112612612613,19.11111111111111,0.0,False
84968A,ets_tsb,0.583551809728722,0.4642383627414958,8.52223072964288,0.0,False
84968C,benchmark,0.8167216689047161,0.5793376243778143,6.238095238095238,0.0,False
84968D,benchmark,18.408846153846156,17.709358974358974,68.6,0.0,False
84968E,benchmark,0.9474728487886382,-0.04375522138680036,10.333333333333334,0.0,False
84968F,xgboost,0.7043930054587203,0.21448725332929333,5.37910939398266,0.2857142857142857,False
84969,benchmark,1.1037501549407036,0.5885235818997738,31.77403435058234,0.0,False
84970L,ets_tsb,0.4102616771795444,0.3779389566822814,179.10961982697543,0.0,False
84970S,ets_tsb,0.49081219500741524,0.34206172189299666,298.45664543092744,0.0,False
84971S,ets_tsb,0.49395882587096157,0.16775337890216696,70.30054447785741,0.0,False
84974,benchmark,1.2010859728506786,0.4886274509803921,4.933333333333334,0.0,False
84976,benchmark,0.6377897039754453,-0.6196565603726203,47.6745936373411,0.0,False
84978,benchmark,0.322737461261296,-0.17190504535337595,326.3326720321303,0.0,False
84987,ets_tsb,0.8851401098127467,0.7417154075738293,156.2882712117338,0.0,False
84988,benchmark,0.5644026794371599,0.15241089505904845,282.7083333333333,0.0,False
84989A,benchmark,10.357142857142858,10.357142857142858,48.333333333333336,0.0,False
84991,ets_tsb,0.4798947528167423,-0.08155020258783613,727.1479316407176,0.0,False
84992,ets_tsb,0.6705608773530971,0.4739321242223169,618.5172815533745,0.0,False
84993A,ets_tsb,1.0652035115092895,0.2200934261112683,21.85488264183435,0.0,False
84993B,benchmark,,,,0.0,True
84993a,benchmark,0.5476190476190476,-0.2738095238095238,1.3333333333333333,0.0,False
84997A,random_forest,0.7434101782102971,0.5567800252980964,113.00859391071891,0.625,False
84997B,random_forest,0.6627749313654849,0.6037375009498943,151.14845273678873,0.25,False
84997C,ets_tsb,0.6499431148599997,0.1676627533637352,178.3819293327126,0.0,False
84997D,ets_tsb,0.6240441494211131,0.25468337729338036,196.06483550009966,0.0,False
84997a,benchmark,0.6848290598290598,0.20405982905982906,8.666666666666666,0.0,False
85014A,random_forest,0.7335150613775758,0.24654152804947815,63.0436359572481,0.25,False
85014B,random_forest,0.4528984912148402,0.12015591303850062,64.04209736559736,0.25,False
85015,ets_tsb,0.5822425662943047,-0.4649183615742703,133.15760771093267,0.0,False
85016,ets_tsb,0.905396869438641,0.6019048940302085,63.37778086070487,0.0,False
85017B,ets_tsb,0.624650015855172,0.033778705388606264,77.15487805836459,0.0,False
85019A,benchmark,0.7978244048973647,-0.7978244048973647,40.333333333333336,0.0,False
85020,benchmark,1.0952380952380953,0.14285714285714285,7.666666666666667,0.0,False
85023B,benchmark,1.6903307046237408,0.8973946866481435,12.946022985971547,0.0,False
85025B,benchmark,0.7611543778296371,-0.6681470883196555,41.73507626069313,0.0,False
85025C,ets_tsb,1.2279400505518727,0.8446361109209013,34.57237073142525,0.0,False
85026B,benchmark,3.357142857142857,2.4523809523809526,47.0,0.0,False
85032A,benchmark,1.1070594772803442,-0.2103465370971236,116.73333333333335,0.0,False
85032B,benchmark,0.8461371351438403,-0.5826101053817596,74.22095432503752,0.0,False
85032C,benchmark,0.7659434489074932,-0.48348844893748044,31.6,0.0,False
85034A,benchmark,2.3843748098570123,1.7085123212655915,50.13333333333334,0.0,False
85034B,benchmark,0.8312683260212967,-0.8312683260212967,195.5,0.0,False
85034C,benchmark,0.9615253849422996,-0.9195429729641375,280.1666666666667,0.0,False
85035A,benchmark,1.5283132981312961,1.2500960566228514,15.2,0.0,False
85035B,benchmark,2.1002331002331003,0.9813519813519812,13.666666666666666,0.0,False
85035C,benchmark,0.973166715102199,-0.8363363363363363,142.83333333333331,0.0,False
85036A,ets_tsb,2.256085280165069,2.256085280165069,19.46400279482255,0.0,False
85038,xgboost,0.8183370587968188,0.5273910669309563,46.52363451321919,0.25,False
85039A,random_forest,0.8590983453453437,0.1881263253444342,50.283096274096266,0.25,False
85039B,ets_tsb,0.6979032045405977,0.2809958156110357,43.28446720434052,0.0,False
85039C,benchmark,4.949016563146998,4.750948930296756,38.91666666666667,0.0,False
85039a,benchmark,0.7722222222222221,0.22222222222222224,1.8888888888888886,0.0,False
85040A,ets_tsb,0.8040356812299437,0.4824635668689083,42.241286955597275,0.0,False
85040B,benchmark,,,,0.0,True
85048,benchmark,0.5734512417346952,0.018978675448333798,69.72222222222223,0.0,False
85049A,ets_tsb,0.974773354921717,-0.32966896697447035,235.04166629475856,0.0,False
85049C,random_forest,0.8073108785569159,0.6485585412827781,67.02544717261904,0.625,False
85049D,ets_tsb,1.963317679283053,1.963317679283053,59.320753188366304,0.0,False
85049E,ets_tsb,0.5003344196600064,-0.34960999215689614,138.78855160626398,0.0,False
85049F,random_forest,2.724078334022419,2.6721774851584006,66.65894723424722,0.4,False
85049G,ets_tsb,0.5409253396163322,-0.0926521405470568,66.62356843377356,0.0,False
85049H,ets_tsb,1.556480243402448,1.4165435273906515,49.16427261115723,0.0,False
85053,benchmark,0.6680664427025009,-0.6163058355107627,68.5,0.0,False
85054,ets_tsb,0.3553275396753484,0.23603741655354044,10.99514286179689,0.0,False
85059,random_forest,0.6052765056556765,0.3629246131713302,11.173734265734268,0.25,False
85061W,ets_tsb,0.9691945046625408,-0.33670810592434475,170.64694267557897,0.0,False
85062,ets_tsb,0.6296402485912276,0.5056576980916279,66.7354639151875,0.0,False
85066,ets_tsb,0.33054523286208604,-0.09437431994607642,47.64715278937351,0.0,False
85071A,benchmark,0.6401424317848117,-0.31266245448083,87.0,0.0,False
85071B,benchmark,0.4813403660640963,-0.3466072077088908,75.0,0.0,False
85071C,benchmark,1.3340159190282823,-0.4276077951450604,58.1183224558859,0.0,False
85071D,benchmark,2.471398603563818,0.8878068968181532,54.53333333333334,0.0,False
85078,benchmark,1.0098051961503012,-0.421813631046798,203.84259198387133,0.0,False
85086A,benchmark,1.0771318568716386,-0.21063568451927167,48.16594454072791,0.0,False
85087,benchmark,0.7930352020772133,-0.7930352020772133,23.333333333333332,0.0,False
85088,benchmark,0.6824682608159743,-0.6824682608159743,15.533333333333331,0.0,False
85093,benchmark,2.541304347826087,1.2325051759834371,94.55555555555556,0.0,False
85094,benchmark,0.9713082973302316,-0.6811142330584006,51.55555555555555,0.0,False
85096,benchmark,5.166666666666667,5.166666666666667,10.333333333333334,0.0,False
85099B,ets_tsb,0.23607419676219993,-0.053049865762552106,968.9312207590503,0.0,False
85099C,random_forest,0.32082758503619035,0.16557251043674281,349.3840761969512,0.25,False
85099F,ets_tsb,0.45163534658697213,0.13169189755701421,600.033454637641,0.0,False
85103,benchmark,1.3846153846153846,0.3076923076923077,12.0,0.0,False
85106,benchmark,3.0,3.0,32.0,0.0,False
85107,benchmark,1.6029181825245769,0.7388170154294387,134.58333333333331,0.0,False
85111,benchmark,1.1265529762586906,-0.5499055232610822,242.25,0.0,False
85114A,ets_tsb,3.6563019253515217,3.312650850255194,69.31529945209905,0.0,False
85114B,ets_tsb,1.5774751911300071,0.5880954297075475,49.61377270407637,0.0,False
85114C,benchmark,0.6818142291489755,-0.038526463548740175,26.625,0.0,False
85116,random_forest,0.8130951276799007,0.12253834817616376,42.97832878309961,0.3333333333333333,False
85123A,xgboost,0.5673974024502462,0.4430960559081082,1558.4225158691406,0.25,False
85124B,ets_tsb,2.479123385399146,2.4639579790823656,11.512896321773622,0.0,False
85124C,xgboost,3.603748518323141,3.5497022053552048,16.81286345587836,0.3333333333333333,False
85125,benchmark,1.4583333333333333,1.4583333333333333,11.666666666666666,0.0,False
85127,benchmark,0.7244565470371921,-0.03772750546944095,10.666666666666666,0.0,False
85129B,benchmark,1.3971590793613842,0.19524714864023443,10.00367050789586,0.0,False
85129C,benchmark,2.6428571428571432,1.7857142857142858,24.666666666666668,0.0,False
85129D,benchmark,5.481560290833348,5.338187665558883,28.80148599613081,0.0,False
85130B,benchmark,0.809153589430729,-0.4197621651213492,54.92297706620511,0.0,False
85130C,benchmark,0.9904306220095693,-0.5598086124401914,69.0,0.0,False
85130D,xgboost,0.9893915893643525,0.09748566801522959,55.71216034889221,0.25,False
85131A,benchmark,1.2989139723717145,-0.4150965449858222,150.83333333333334,0.0,False
85131B,random_forest,0.9368310853272378,-0.11704137274927327,46.08616506333173,0.875,False
85131C,benchmark,,,,0.0,True
85131D,benchmark,2.1630653695169824,1.978221539511862,92.55555555555554,0.0,False
85132A,ets_tsb,0.7493400436697029,-0.5747528042764352,100.91112588085332,0.0,False
85132C,ets_tsb,0.7929544068522288,-0.5875472688276987,193.41248379836682,0.0,False
85135B,benchmark,0.4770604395604396,-0.26634615384615384,1.9166666666666665,0.0,False
85135C,benchmark,0.9190294273627607,-0.09876080709414041,17.722222222222225,0.0,False
85136A,benchmark,1.1187241093620548,1.1187241093620548,30.666666666666668,0.0,False
85136C,benchmark,1.6964285714285714,1.6964285714285714,31.666666666666668,0.0,False
85141,benchmark,0.803715874620829,-0.803715874620829,23.833333333333332,0.0,False
85144,ets_tsb,0.8957575771026887,-0.8957575771026887,49.26666674064788,0.0,False
85150,ets_tsb,0.23774676514050613,-0.23774676514050613,112.5334688331729,0.0,False
85152,ets_tsb,0.29504435183596367,-0.04647902589343188,212.5569159747417,0.0,False
85159A,benchmark,0.8183333100033789,-0.45976897622128365,17.491722594141322,0.0,False
85159B,benchmark,0.8684508790360974,-0.7192936937196678,43.22721596277898,0.0,False
85161,benchmark,0.7043650793650794,-0.7043650793650794,1.6666666666666667,0.0,False
85163A,benchmark,,,,0.0,True
85163B,xgboost,0.701698378037141,-0.12799382461153536,3.9029988368352257,0.25,False
85168B,benchmark,0.7368421052631579,-0.631578947368421,4.666666666666667,0.0,False
85169A,random_forest,1.6117107541498878,1.3785063782623752,28.770675585988087,0.25,False
85169B,benchmark,2.0716959972394755,1.309532436162871,16.333333333333332,0.0,False
85169C,benchmark,1.0705100490376194,-0.07684836465245255,41.13301682492088,0.0,False
85169D,benchmark,1.5014761235948149,1.3352956992816645,10.19047619047619,0.0,False
85170B,benchmark,0.25,-0.25,2.3333333333333335,0.0,False
85170C,random_forest,0.8668426133134259,0.08735525689698184,19.69019880293318,0.25,False
85170D,random_forest,1.1576426961596762,0.6765970956103864,22.985589629699003,0.25,False
85172,ets_tsb,1.0380950506504463,-0.028633859023178027,154.515878017278,0.0,False
85173,ets_tsb,1.8632747194061983,1.7255956978634877,25.74275088840885,0.0,False
85174,ets_tsb,1.4788984439671713,0.820154969458881,28.43746209581534,0.0,False
85175,random_forest,0.5453509179770573,0.3638403640547598,305.9519298996891,0.25,False
85176,random_forest,0.3908025206045786,0.00454115569868755,34.32029780838375,0.25,False
85177,benchmark,1.6301043608720673,1.4589181117763355,55.958333333333336,0.0,False
85178,xgboost,0.7658374393879159,0.3653793898976866,117.8147325515747,0.25,False
85180A,benchmark,9.058479532163743,8.637426900584796,28.666666666666664,0.0,False
85180B,benchmark,0.6,0.2,1.0,0.0,False
85183A,benchmark,0.6171486426692304,-0.6171486426692304,43.38095238095239,0.0,False
85183B,ets_tsb,0.4504940974091583,-0.29591030824465836,41.07640835614766,0.0,False
85184C,benchmark,0.8917142166014191,0.7862790573668679,20.791666666666668,0.0,False
85185B,random_forest,0.5300264723966919,-0.2125245976759404,17.41463713138713,0.2857142857142857,False
85185D,benchmark,5.666666666666667,5.666666666666667,11.333333333333334,0.0,False
85194S,benchmark,,,,0.0,True
85199L,ets_tsb,0.9809995675132225,0.18231168202333656,59.66666650089125,0.0,False
85199S,xgboost,1.1247013518068838,0.5345660757055893,170.54522307713825,0.25,False
85202,benchmark,1.5271882307706963,0.5363547851664283,33.95238095238095,0.0,False
85203,benchmark,1.4027826976733337,0.6658176558653375,43.04166666666667,0.0,False
85204,ets_tsb,0.8396754163202336,-0.3482925587859648,257.5320610453627,0.0,False
85208,benchmark,1.8174603174603174,1.4841269841269842,12.777777777777779,0.0,False
85211,benchmark,0.7246503496503497,-0.6488927738927739,13.555555555555555,0.0,False
85212,benchmark,1.1416221650184353,-0.27582330255800513,244.56581467681434,0.0,False
85213,random_forest,0.9504929749723549,-0.32555535515780165,186.02085986852657,0.4,False
85214,ets_tsb,0.6032859863407319,-0.43044089591594703,23.73679269525324,0.0,False
85215,benchmark,2.1613197704747,2.1613197704747,43.33333333333333,0.0,False
85216,benchmark,,,,0.0,True
85227,random_forest,0.2675999577366541,0.09548920614545875,30.99268786884413,0.25,False
85230A,benchmark,,,,0.0,True
85230B,benchmark,0.6783607726212082,-0.4590625270071731,106.5,0.0,False
85230E,benchmark,0.7164874983299374,0.35064491089093586,91.19999999999999,0.0,False
85230F,benchmark,,,,0.0,True
85230G,benchmark,0.9802325294181579,0.2849538916472599,60.32082440002766,0.0,False
85231B,benchmark,0.7487378850093875,0.29263364676515724,48.70833333333333,0.0,False
85231G,benchmark,0.7211761928185082,0.06500430777638606,44.61904761904763,0.0,False
85232A,benchmark,,,,0.0,True
85232D,benchmark,1.000014609889508,0.5755907065794357,32.87552889576884,0.0,False
90000D,benchmark,,,,0.0,True
90003C,benchmark,1.5,1.0,2.0,0.0,False
90013A,benchmark,0.7677777777777779,0.4062962962962963,5.555555555555556,0.0,False
90013B,benchmark,1.0083333333333333,0.7833333333333333,2.666666666666667,0.0,False
90013C,benchmark,1.3083333333333333,0.8916666666666666,3.555555555555556,0.0,False
90014A,benchmark,0.8654970760233918,0.8128654970760234,5.333333333333333,0.0,False
90016B,benchmark,0.5,-0.5,1.3333333333333333,0.0,False
90018A,benchmark,,,,0.0,True
90018B,benchmark,,,,0.0,True
90019A,benchmark,0.4739883645765999,-0.1796897220426632,1.9333333333333331,0.0,False
90019C,benchmark,1.0,1.0,1.6666666666666667,0.0,False
90036E,benchmark,,,,0.0,True
90059A,benchmark,1.181704260651629,0.6804511278195489,7.833333333333334,0.0,False
90059D,benchmark,1.364448051948052,1.0190746753246753,4.666666666666666,0.0,False
90059F,benchmark,0.6,0.2,3.0,0.0,False
90070,benchmark,,,,0.0,True
90071,benchmark,0.39999999999999997,0.14545454545454545,1.4444444444444444,0.0,False
90072,benchmark,0.6636363636363636,-0.1727272727272727,1.8333333333333333,0.0,False
90073,benchmark,,,,0.0,True
90081A,benchmark,1.0,1.0,1.6666666666666667,0.0,False
90081C,benchmark,,,,0.0,True
90082A,benchmark,2.4285714285714284,2.4285714285714284,5.666666666666667,0.0,False
90086,benchmark,2.8806042884990255,2.415692007797271,24.333333333333332,0.0,False
90087,benchmark,4.241056263174029,3.6262112015560555,13.704876152254759,0.0,False
90101,benchmark,0.8403361344537814,-0.7815126050420168,5.333333333333334,0.0,False
90114,benchmark,0.7684426229508197,-0.5717213114754098,14.0,0.0,False
90116,benchmark,0.9841269841269842,0.4444444444444444,4.666666666666667,0.0,False
90120B,benchmark,3.416666666666667,2.416666666666667,6.833333333333334,0.0,False
90120C,benchmark,0.8666666666666667,0.06666666666666667,4.333333333333333,0.0,False
90122C,benchmark,0.6666666666666666,0.6666666666666666,1.3333333333333333,0.0,False
90124B,benchmark,,,,0.0,True
90129A,benchmark,2.937962962962963,2.937962962962963,8.666666666666666,0.0,False
90129B,benchmark,0.7278508771929824,0.443640350877193,3.400000000000001,0.0,False
90129C,benchmark,1.8869047619047619,1.4226190476190477,8.166666666666666,0.0,False
90129E,benchmark,0.967948717948718,0.8846153846153846,3.7777777777777772,0.0,False
90129F,benchmark,1.2183006535947711,0.5104575163398694,5.0,0.0,False
90130B,benchmark,0.6323232323232323,-0.2080808080808081,2.5555555555555554,0.0,False
90134,benchmark,1.1607142857142858,1.0321428571428573,3.2,0.0,False
90143,benchmark,1.5,1.0,2.0,0.0,False
90144,benchmark,1.5,1.0833333333333333,2.333333333333333,0.0,False
90145,benchmark,1.8571428571428572,1.8571428571428572,4.333333333333333,0.0,False
90147,benchmark,,,,0.0,True
90158,benchmark,0.9562071846282372,0.30695071010860486,2.8,0.0,False
90160A,benchmark,1.0882352941176472,-0.04901960784313725,5.833333333333334,0.0,False
90160B,benchmark,0.9411764705882353,-0.47058823529411764,5.333333333333333,0.0,False
90160C,benchmark,0.8660714285714286,0.3660714285714286,3.166666666666667,0.0,False
90161A,benchmark,,,,0.0,True
90161B,benchmark,0.512205754141238,-0.35091543156059285,5.833333333333334,0.0,False
90161C,benchmark,0.7017300352675266,-0.32355602172947157,5.657806394804909,0.0,False
90161D,benchmark,0.541701830608779,-0.541701830608779,4.375269590222862,0.0,False
90164B,benchmark,,,,0.0,True
90166,benchmark,0.4147727272727273,-0.2897727272727273,1.3333333333333335,0.0,False
90170,benchmark,0.3858534295605234,-0.05893035263744645,3.333333333333333,0.0,False
90173,benchmark,0.8333333333333334,-0.5,1.6666666666666667,0.0,False
90175A,benchmark,6.125,6.125,8.166666666666666,0.0,False
90175D,benchmark,,,,0.0,True
90184B,benchmark,,,,0.0,True
90184C,benchmark,3.5,3.5,7.0,0.0,False
90192,benchmark,1.238888888888889,0.7333333333333334,5.333333333333333,0.0,False
90197B,benchmark,0.7000000000000001,0.05555555555555555,1.888888888888889,0.0,False
90198A,benchmark,0.9766666666666667,0.3655194805194805,4.333333333333333,0.0,False
90198B,benchmark,1.4143545519651715,1.2118523804364514,3.555117063966622,0.0,False
90200A,benchmark,0.8303571428571429,0.08619047619047619,4.4,0.0,False
90200B,benchmark,0.7604750233426704,0.06934523809523811,5.166666666666667,0.0,False
90200D,benchmark,0.49569155045118957,-0.16857351198614529,8.533333333333335,0.0,False
90200E,benchmark,0.8137756035598264,0.12414738198377522,6.476190476190476,0.0,False
90201A,benchmark,0.3545385202135774,0.05705568268497332,2.444444444444444,0.0,False
90201B,benchmark,0.7992349970291146,-0.14099574173103585,6.583333333333334,0.0,False
90201C,benchmark,1.0908882783882785,0.1957417582417582,4.833333333333334,0.0,False
90201D,benchmark,0.8222628584697551,-0.15809324774842018,7.111111111111111,0.0,False
90202D,benchmark,,,,0.0,True
90206C,benchmark,,,,0.0,True
90208,benchmark,,,,0.0,True
90209B,random_forest,0.8436066414733555,0.3246126107075443,7.161852468133718,0.3333333333333333,False
90209C,benchmark,1.1160493827160494,-0.3908289241622575,75.8888888888889,0.0,False
90214A,benchmark,0.5888888888888889,-0.0011272141706924292,6.888888888888889,0.0,False
90214C,benchmark,0.6470588235294118,0.6470588235294118,7.333333333333333,0.0,False
90214D,benchmark,1.4393091749520321,1.1111973661259376,4.340052328623758,0.0,False
90214E,benchmark,1.4178125795772853,0.5468933027756557,6.533333333333334,0.0,False
90214G,benchmark,0.96875,-0.21875,10.333333333333334,0.0,False
90214H,benchmark,0.6136363636363636,0.237012987012987,2.0,0.0,False
90214J,benchmark,1.7051630434782608,1.4551630434782608,10.666666666666668,0.0,False
90214K,ets_tsb,1.4946612651156859,1.1638932815908174,4.4787683989528615,0.0,False
90214L,benchmark,1.5384615384615385,1.3846153846153846,6.666666666666667,0.0,False
90214M,benchmark,1.386111111111111,0.6083333333333333,6.0,0.0,False
90214N,benchmark,1.1666666666666667,0.2777777777777778,7.0,0.0,False
90214R,benchmark,,,,0.0,True
90214S,benchmark,1.2,0.7000000000000001,5.888888888888888,0.0,False
